building,floor,site,tile,tessellation_type,coord_a_x,coord_a_y,coord_b_x,coord_b_y,coord_c_x,coord_c_y,coord_d_x,coord_d_y
laboratory,0,NULL,0_0,grid,-0.5,-0.5,0.5,-0.5,0.5,0.5,-0.5,0.5
laboratory,0,NULL,0_1,grid,-0.5,0.5,0.5,0.5,0.5,1.5,-0.5,1.5
laboratory,0,NULL,0_2,grid,-0.5,1.5,0.5,1.5,0.5,2.5,-0.5,2.5
laboratory,0,NULL,0_3,grid,-0.5,2.5,0.5,2.5,0.5,3.5,-0.5,3.5
laboratory,0,NULL,0_4,grid,-0.5,3.5,0.5,3.5,0.5,4.5,-0.5,4.5
laboratory,0,NULL,0_5,grid,-0.5,4.5,0.5,4.5,0.5,5.5,-0.5,5.5
laboratory,0,NULL,0_6,grid,-0.5,5.5,0.5,5.5,0.5,6.5,-0.5,6.5
laboratory,0,NULL,0_7,grid,-0.5,6.5,0.5,6.5,0.5,7.5,-0.5,7.5
laboratory,0,NULL,0_8,grid,-0.5,7.5,0.5,7.5,0.5,8.5,-0.5,8.5
laboratory,0,NULL,0_9,grid,-0.5,8.5,0.5,8.5,0.5,9.5,-0.5,9.5
laboratory,0,NULL,0_10,grid,-0.5,9.5,0.5,9.5,0.5,10.5,-0.5,10.5
laboratory,0,NULL,0_11,grid,-0.5,10.5,0.5,10.5,0.5,11.5,-0.5,11.5
laboratory,0,NULL,0_12,grid,-0.5,11.5,0.5,11.5,0.5,12.5,-0.5,12.5
laboratory,0,NULL,0_13,grid,-0.5,12.5,0.5,12.5,0.5,13.5,-0.5,13.5
laboratory,0,NULL,0_14,grid,-0.5,13.5,0.5,13.5,0.5,14.5,-0.5,14.5
laboratory,0,NULL,0_15,grid,-0.5,14.5,0.5,14.5,0.5,15.5,-0.5,15.5
laboratory,0,NULL,0_16,grid,-0.5,15.5,0.5,15.5,0.5,16.5,-0.5,16.5
laboratory,0,NULL,0_17,grid,-0.5,16.5,0.5,16.5,0.5,17.5,-0.5,17.5
laboratory,0,NULL,0_18,grid,-0.5,17.5,0.5,17.5,0.5,18.5,-0.5,18.5
laboratory,0,NULL,0_19,grid,-0.5,18.5,0.5,18.5,0.5,19.5,-0.5,19.5
laboratory,0,NULL,0_20,grid,-0.5,19.5,0.5,19.5,0.5,20.5,-0.5,20.5
laboratory,0,NULL,1_0,grid,0.5,-0.5,1.5,-0.5,1.5,0.5,0.5,0.5
laboratory,0,NULL,1_1,grid,0.5,0.5,1.5,0.5,1.5,1.5,0.5,1.5
laboratory,0,NULL,1_2,grid,0.5,1.5,1.5,1.5,1.5,2.5,0.5,2.5
laboratory,0,NULL,1_3,grid,0.5,2.5,1.5,2.5,1.5,3.5,0.5,3.5
laboratory,0,NULL,1_4,grid,0.5,3.5,1.5,3.5,1.5,4.5,0.5,4.5
laboratory,0,NULL,1_5,grid,0.5,4.5,1.5,4.5,1.5,5.5,0.5,5.5
laboratory,0,NULL,1_6,grid,0.5,5.5,1.5,5.5,1.5,6.5,0.5,6.5
laboratory,0,NULL,1_7,grid,0.5,6.5,1.5,6.5,1.5,7.5,0.5,7.5
laboratory,0,NULL,1_8,grid,0.5,7.5,1.5,7.5,1.5,8.5,0.5,8.5
laboratory,0,NULL,1_9,grid,0.5,8.5,1.5,8.5,1.5,9.5,0.5,9.5
laboratory,0,NULL,1_10,grid,0.5,9.5,1.5,9.5,1.5,10.5,0.5,10.5
laboratory,0,NULL,1_11,grid,0.5,10.5,1.5,10.5,1.5,11.5,0.5,11.5
laboratory,0,NULL,1_12,grid,0.5,11.5,1.5,11.5,1.5,12.5,0.5,12.5
laboratory,0,NULL,1_13,grid,0.5,12.5,1.5,12.5,1.5,13.5,0.5,13.5
laboratory,0,NULL,1_14,grid,0.5,13.5,1.5,13.5,1.5,14.5,0.5,14.5
laboratory,0,NULL,1_15,grid,0.5,14.5,1.5,14.5,1.5,15.5,0.5,15.5
laboratory,0,NULL,1_16,grid,0.5,15.5,1.5,15.5,1.5,16.5,0.5,16.5
laboratory,0,NULL,1_17,grid,0.5,16.5,1.5,16.5,1.5,17.5,0.5,17.5
laboratory,0,NULL,1_18,grid,0.5,17.5,1.5,17.5,1.5,18.5,0.5,18.5
laboratory,0,NULL,1_19,grid,0.5,18.5,1.5,18.5,1.5,19.5,0.5,19.5
laboratory,0,NULL,1_20,grid,0.5,19.5,1.5,19.5,1.5,20.5,0.5,20.5
laboratory,0,NULL,2_0,grid,1.5,-0.5,2.5,-0.5,2.5,0.5,1.5,0.5
laboratory,0,NULL,2_1,grid,1.5,0.5,2.5,0.5,2.5,1.5,1.5,1.5
laboratory,0,NULL,2_2,grid,1.5,1.5,2.5,1.5,2.5,2.5,1.5,2.5
laboratory,0,NULL,2_3,grid,1.5,2.5,2.5,2.5,2.5,3.5,1.5,3.5
laboratory,0,NULL,2_4,grid,1.5,3.5,2.5,3.5,2.5,4.5,1.5,4.5
laboratory,0,NULL,2_5,grid,1.5,4.5,2.5,4.5,2.5,5.5,1.5,5.5
laboratory,0,NULL,2_6,grid,1.5,5.5,2.5,5.5,2.5,6.5,1.5,6.5
laboratory,0,NULL,2_7,grid,1.5,6.5,2.5,6.5,2.5,7.5,1.5,7.5
laboratory,0,NULL,2_8,grid,1.5,7.5,2.5,7.5,2.5,8.5,1.5,8.5
laboratory,0,NULL,2_9,grid,1.5,8.5,2.5,8.5,2.5,9.5,1.5,9.5
laboratory,0,NULL,2_10,grid,1.5,9.5,2.5,9.5,2.5,10.5,1.5,10.5
laboratory,0,NULL,2_11,grid,1.5,10.5,2.5,10.5,2.5,11.5,1.5,11.5
laboratory,0,NULL,2_12,grid,1.5,11.5,2.5,11.5,2.5,12.5,1.5,12.5
laboratory,0,NULL,2_13,grid,1.5,12.5,2.5,12.5,2.5,13.5,1.5,13.5
laboratory,0,NULL,2_14,grid,1.5,13.5,2.5,13.5,2.5,14.5,1.5,14.5
laboratory,0,NULL,2_15,grid,1.5,14.5,2.5,14.5,2.5,15.5,1.5,15.5
laboratory,0,NULL,2_16,grid,1.5,15.5,2.5,15.5,2.5,16.5,1.5,16.5
laboratory,0,NULL,2_17,grid,1.5,16.5,2.5,16.5,2.5,17.5,1.5,17.5
laboratory,0,NULL,2_18,grid,1.5,17.5,2.5,17.5,2.5,18.5,1.5,18.5
laboratory,0,NULL,2_19,grid,1.5,18.5,2.5,18.5,2.5,19.5,1.5,19.5
laboratory,0,NULL,2_20,grid,1.5,19.5,2.5,19.5,2.5,20.5,1.5,20.5
laboratory,0,NULL,3_0,grid,2.5,-0.5,3.5,-0.5,3.5,0.5,2.5,0.5
laboratory,0,NULL,3_1,grid,2.5,0.5,3.5,0.5,3.5,1.5,2.5,1.5
laboratory,0,NULL,3_2,grid,2.5,1.5,3.5,1.5,3.5,2.5,2.5,2.5
laboratory,0,NULL,3_3,grid,2.5,2.5,3.5,2.5,3.5,3.5,2.5,3.5
laboratory,0,NULL,3_4,grid,2.5,3.5,3.5,3.5,3.5,4.5,2.5,4.5
laboratory,0,NULL,3_5,grid,2.5,4.5,3.5,4.5,3.5,5.5,2.5,5.5
laboratory,0,NULL,3_6,grid,2.5,5.5,3.5,5.5,3.5,6.5,2.5,6.5
laboratory,0,NULL,3_7,grid,2.5,6.5,3.5,6.5,3.5,7.5,2.5,7.5
laboratory,0,NULL,3_8,grid,2.5,7.5,3.5,7.5,3.5,8.5,2.5,8.5
laboratory,0,NULL,3_9,grid,2.5,8.5,3.5,8.5,3.5,9.5,2.5,9.5
laboratory,0,NULL,3_10,grid,2.5,9.5,3.5,9.5,3.5,10.5,2.5,10.5
laboratory,0,NULL,3_11,grid,2.5,10.5,3.5,10.5,3.5,11.5,2.5,11.5
laboratory,0,NULL,3_12,grid,2.5,11.5,3.5,11.5,3.5,12.5,2.5,12.5
laboratory,0,NULL,3_13,grid,2.5,12.5,3.5,12.5,3.5,13.5,2.5,13.5
laboratory,0,NULL,3_14,grid,2.5,13.5,3.5,13.5,3.5,14.5,2.5,14.5
laboratory,0,NULL,3_15,grid,2.5,14.5,3.5,14.5,3.5,15.5,2.5,15.5
laboratory,0,NULL,3_16,grid,2.5,15.5,3.5,15.5,3.5,16.5,2.5,16.5
laboratory,0,NULL,3_17,grid,2.5,16.5,3.5,16.5,3.5,17.5,2.5,17.5
laboratory,0,NULL,3_18,grid,2.5,17.5,3.5,17.5,3.5,18.5,2.5,18.5
laboratory,0,NULL,3_19,grid,2.5,18.5,3.5,18.5,3.5,19.5,2.5,19.5
laboratory,0,NULL,3_20,grid,2.5,19.5,3.5,19.5,3.5,20.5,2.5,20.5
laboratory,0,NULL,4_0,grid,3.5,-0.5,4.5,-0.5,4.5,0.5,3.5,0.5
laboratory,0,NULL,4_1,grid,3.5,0.5,4.5,0.5,4.5,1.5,3.5,1.5
laboratory,0,NULL,4_2,grid,3.5,1.5,4.5,1.5,4.5,2.5,3.5,2.5
laboratory,0,NULL,4_3,grid,3.5,2.5,4.5,2.5,4.5,3.5,3.5,3.5
laboratory,0,NULL,4_4,grid,3.5,3.5,4.5,3.5,4.5,4.5,3.5,4.5
laboratory,0,NULL,4_5,grid,3.5,4.5,4.5,4.5,4.5,5.5,3.5,5.5
laboratory,0,NULL,4_6,grid,3.5,5.5,4.5,5.5,4.5,6.5,3.5,6.5
laboratory,0,NULL,4_7,grid,3.5,6.5,4.5,6.5,4.5,7.5,3.5,7.5
laboratory,0,NULL,4_8,grid,3.5,7.5,4.5,7.5,4.5,8.5,3.5,8.5
laboratory,0,NULL,4_9,grid,3.5,8.5,4.5,8.5,4.5,9.5,3.5,9.5
laboratory,0,NULL,4_10,grid,3.5,9.5,4.5,9.5,4.5,10.5,3.5,10.5
laboratory,0,NULL,4_11,grid,3.5,10.5,4.5,10.5,4.5,11.5,3.5,11.5
laboratory,0,NULL,4_12,grid,3.5,11.5,4.5,11.5,4.5,12.5,3.5,12.5
laboratory,0,NULL,4_13,grid,3.5,12.5,4.5,12.5,4.5,13.5,3.5,13.5
laboratory,0,NULL,4_14,grid,3.5,13.5,4.5,13.5,4.5,14.5,3.5,14.5
laboratory,0,NULL,4_15,grid,3.5,14.5,4.5,14.5,4.5,15.5,3.5,15.5
laboratory,0,NULL,4_16,grid,3.5,15.5,4.5,15.5,4.5,16.5,3.5,16.5
laboratory,0,NULL,4_17,grid,3.5,16.5,4.5,16.5,4.5,17.5,3.5,17.5
laboratory,0,NULL,4_18,grid,3.5,17.5,4.5,17.5,4.5,18.5,3.5,18.5
laboratory,0,NULL,4_19,grid,3.5,18.5,4.5,18.5,4.5,19.5,3.5,19.5
laboratory,0,NULL,4_20,grid,3.5,19.5,4.5,19.5,4.5,20.5,3.5,20.5
laboratory,0,NULL,5_0,grid,4.5,-0.5,5.5,-0.5,5.5,0.5,4.5,0.5
laboratory,0,NULL,5_1,grid,4.5,0.5,5.5,0.5,5.5,1.5,4.5,1.5
laboratory,0,NULL,5_2,grid,4.5,1.5,5.5,1.5,5.5,2.5,4.5,2.5
laboratory,0,NULL,5_3,grid,4.5,2.5,5.5,2.5,5.5,3.5,4.5,3.5
laboratory,0,NULL,5_4,grid,4.5,3.5,5.5,3.5,5.5,4.5,4.5,4.5
laboratory,0,NULL,5_5,grid,4.5,4.5,5.5,4.5,5.5,5.5,4.5,5.5
laboratory,0,NULL,5_6,grid,4.5,5.5,5.5,5.5,5.5,6.5,4.5,6.5
laboratory,0,NULL,5_7,grid,4.5,6.5,5.5,6.5,5.5,7.5,4.5,7.5
laboratory,0,NULL,5_8,grid,4.5,7.5,5.5,7.5,5.5,8.5,4.5,8.5
laboratory,0,NULL,5_9,grid,4.5,8.5,5.5,8.5,5.5,9.5,4.5,9.5
laboratory,0,NULL,5_10,grid,4.5,9.5,5.5,9.5,5.5,10.5,4.5,10.5
laboratory,0,NULL,5_11,grid,4.5,10.5,5.5,10.5,5.5,11.5,4.5,11.5
laboratory,0,NULL,5_12,grid,4.5,11.5,5.5,11.5,5.5,12.5,4.5,12.5
laboratory,0,NULL,5_13,grid,4.5,12.5,5.5,12.5,5.5,13.5,4.5,13.5
laboratory,0,NULL,5_14,grid,4.5,13.5,5.5,13.5,5.5,14.5,4.5,14.5
laboratory,0,NULL,5_15,grid,4.5,14.5,5.5,14.5,5.5,15.5,4.5,15.5
laboratory,0,NULL,5_16,grid,4.5,15.5,5.5,15.5,5.5,16.5,4.5,16.5
laboratory,0,NULL,5_17,grid,4.5,16.5,5.5,16.5,5.5,17.5,4.5,17.5
laboratory,0,NULL,5_18,grid,4.5,17.5,5.5,17.5,5.5,18.5,4.5,18.5
laboratory,0,NULL,5_19,grid,4.5,18.5,5.5,18.5,5.5,19.5,4.5,19.5
laboratory,0,NULL,5_20,grid,4.5,19.5,5.5,19.5,5.5,20.5,4.5,20.5
laboratory,0,NULL,6_0,grid,5.5,-0.5,6.5,-0.5,6.5,0.5,5.5,0.5
laboratory,0,NULL,6_1,grid,5.5,0.5,6.5,0.5,6.5,1.5,5.5,1.5
laboratory,0,NULL,6_2,grid,5.5,1.5,6.5,1.5,6.5,2.5,5.5,2.5
laboratory,0,NULL,6_3,grid,5.5,2.5,6.5,2.5,6.5,3.5,5.5,3.5
laboratory,0,NULL,6_4,grid,5.5,3.5,6.5,3.5,6.5,4.5,5.5,4.5
laboratory,0,NULL,6_5,grid,5.5,4.5,6.5,4.5,6.5,5.5,5.5,5.5
laboratory,0,NULL,6_6,grid,5.5,5.5,6.5,5.5,6.5,6.5,5.5,6.5
laboratory,0,NULL,6_7,grid,5.5,6.5,6.5,6.5,6.5,7.5,5.5,7.5
laboratory,0,NULL,6_8,grid,5.5,7.5,6.5,7.5,6.5,8.5,5.5,8.5
laboratory,0,NULL,6_9,grid,5.5,8.5,6.5,8.5,6.5,9.5,5.5,9.5
laboratory,0,NULL,6_10,grid,5.5,9.5,6.5,9.5,6.5,10.5,5.5,10.5
laboratory,0,NULL,6_11,grid,5.5,10.5,6.5,10.5,6.5,11.5,5.5,11.5
laboratory,0,NULL,6_12,grid,5.5,11.5,6.5,11.5,6.5,12.5,5.5,12.5
laboratory,0,NULL,6_13,grid,5.5,12.5,6.5,12.5,6.5,13.5,5.5,13.5
laboratory,0,NULL,6_14,grid,5.5,13.5,6.5,13.5,6.5,14.5,5.5,14.5
laboratory,0,NULL,6_15,grid,5.5,14.5,6.5,14.5,6.5,15.5,5.5,15.5
laboratory,0,NULL,6_16,grid,5.5,15.5,6.5,15.5,6.5,16.5,5.5,16.5
laboratory,0,NULL,6_17,grid,5.5,16.5,6.5,16.5,6.5,17.5,5.5,17.5
laboratory,0,NULL,6_18,grid,5.5,17.5,6.5,17.5,6.5,18.5,5.5,18.5
laboratory,0,NULL,6_19,grid,5.5,18.5,6.5,18.5,6.5,19.5,5.5,19.5
laboratory,0,NULL,6_20,grid,5.5,19.5,6.5,19.5,6.5,20.5,5.5,20.5
laboratory,0,NULL,7_0,grid,6.5,-0.5,7.5,-0.5,7.5,0.5,6.5,0.5
laboratory,0,NULL,7_1,grid,6.5,0.5,7.5,0.5,7.5,1.5,6.5,1.5
laboratory,0,NULL,7_2,grid,6.5,1.5,7.5,1.5,7.5,2.5,6.5,2.5
laboratory,0,NULL,7_3,grid,6.5,2.5,7.5,2.5,7.5,3.5,6.5,3.5
laboratory,0,NULL,7_4,grid,6.5,3.5,7.5,3.5,7.5,4.5,6.5,4.5
laboratory,0,NULL,7_5,grid,6.5,4.5,7.5,4.5,7.5,5.5,6.5,5.5
laboratory,0,NULL,7_6,grid,6.5,5.5,7.5,5.5,7.5,6.5,6.5,6.5
laboratory,0,NULL,7_7,grid,6.5,6.5,7.5,6.5,7.5,7.5,6.5,7.5
laboratory,0,NULL,7_8,grid,6.5,7.5,7.5,7.5,7.5,8.5,6.5,8.5
laboratory,0,NULL,7_9,grid,6.5,8.5,7.5,8.5,7.5,9.5,6.5,9.5
laboratory,0,NULL,7_10,grid,6.5,9.5,7.5,9.5,7.5,10.5,6.5,10.5
laboratory,0,NULL,7_11,grid,6.5,10.5,7.5,10.5,7.5,11.5,6.5,11.5
laboratory,0,NULL,7_12,grid,6.5,11.5,7.5,11.5,7.5,12.5,6.5,12.5
laboratory,0,NULL,7_13,grid,6.5,12.5,7.5,12.5,7.5,13.5,6.5,13.5
laboratory,0,NULL,7_14,grid,6.5,13.5,7.5,13.5,7.5,14.5,6.5,14.5
laboratory,0,NULL,7_15,grid,6.5,14.5,7.5,14.5,7.5,15.5,6.5,15.5
laboratory,0,NULL,7_16,grid,6.5,15.5,7.5,15.5,7.5,16.5,6.5,16.5
laboratory,0,NULL,7_17,grid,6.5,16.5,7.5,16.5,7.5,17.5,6.5,17.5
laboratory,0,NULL,7_18,grid,6.5,17.5,7.5,17.5,7.5,18.5,6.5,18.5
laboratory,0,NULL,7_19,grid,6.5,18.5,7.5,18.5,7.5,19.5,6.5,19.5
laboratory,0,NULL,7_20,grid,6.5,19.5,7.5,19.5,7.5,20.5,6.5,20.5
laboratory,0,NULL,8_0,grid,7.5,-0.5,8.5,-0.5,8.5,0.5,7.5,0.5
laboratory,0,NULL,8_1,grid,7.5,0.5,8.5,0.5,8.5,1.5,7.5,1.5
laboratory,0,NULL,8_2,grid,7.5,1.5,8.5,1.5,8.5,2.5,7.5,2.5
laboratory,0,NULL,8_3,grid,7.5,2.5,8.5,2.5,8.5,3.5,7.5,3.5
laboratory,0,NULL,8_4,grid,7.5,3.5,8.5,3.5,8.5,4.5,7.5,4.5
laboratory,0,NULL,8_5,grid,7.5,4.5,8.5,4.5,8.5,5.5,7.5,5.5
laboratory,0,NULL,8_6,grid,7.5,5.5,8.5,5.5,8.5,6.5,7.5,6.5
laboratory,0,NULL,8_7,grid,7.5,6.5,8.5,6.5,8.5,7.5,7.5,7.5
laboratory,0,NULL,8_8,grid,7.5,7.5,8.5,7.5,8.5,8.5,7.5,8.5
laboratory,0,NULL,8_9,grid,7.5,8.5,8.5,8.5,8.5,9.5,7.5,9.5
laboratory,0,NULL,8_10,grid,7.5,9.5,8.5,9.5,8.5,10.5,7.5,10.5
laboratory,0,NULL,8_11,grid,7.5,10.5,8.5,10.5,8.5,11.5,7.5,11.5
laboratory,0,NULL,8_12,grid,7.5,11.5,8.5,11.5,8.5,12.5,7.5,12.5
laboratory,0,NULL,8_13,grid,7.5,12.5,8.5,12.5,8.5,13.5,7.5,13.5
laboratory,0,NULL,8_14,grid,7.5,13.5,8.5,13.5,8.5,14.5,7.5,14.5
laboratory,0,NULL,8_15,grid,7.5,14.5,8.5,14.5,8.5,15.5,7.5,15.5
laboratory,0,NULL,8_16,grid,7.5,15.5,8.5,15.5,8.5,16.5,7.5,16.5
laboratory,0,NULL,8_17,grid,7.5,16.5,8.5,16.5,8.5,17.5,7.5,17.5
laboratory,0,NULL,8_18,grid,7.5,17.5,8.5,17.5,8.5,18.5,7.5,18.5
laboratory,0,NULL,8_19,grid,7.5,18.5,8.5,18.5,8.5,19.5,7.5,19.5
laboratory,0,NULL,8_20,grid,7.5,19.5,8.5,19.5,8.5,20.5,7.5,20.5
laboratory,0,NULL,9_0,grid,8.5,-0.5,9.5,-0.5,9.5,0.5,8.5,0.5
laboratory,0,NULL,9_1,grid,8.5,0.5,9.5,0.5,9.5,1.5,8.5,1.5
laboratory,0,NULL,9_2,grid,8.5,1.5,9.5,1.5,9.5,2.5,8.5,2.5
laboratory,0,NULL,9_3,grid,8.5,2.5,9.5,2.5,9.5,3.5,8.5,3.5
laboratory,0,NULL,9_4,grid,8.5,3.5,9.5,3.5,9.5,4.5,8.5,4.5
laboratory,0,NULL,9_5,grid,8.5,4.5,9.5,4.5,9.5,5.5,8.5,5.5
laboratory,0,NULL,9_6,grid,8.5,5.5,9.5,5.5,9.5,6.5,8.5,6.5
laboratory,0,NULL,9_7,grid,8.5,6.5,9.5,6.5,9.5,7.5,8.5,7.5
laboratory,0,NULL,9_8,grid,8.5,7.5,9.5,7.5,9.5,8.5,8.5,8.5
laboratory,0,NULL,9_9,grid,8.5,8.5,9.5,8.5,9.5,9.5,8.5,9.5
laboratory,0,NULL,9_10,grid,8.5,9.5,9.5,9.5,9.5,10.5,8.5,10.5
laboratory,0,NULL,9_11,grid,8.5,10.5,9.5,10.5,9.5,11.5,8.5,11.5
laboratory,0,NULL,9_12,grid,8.5,11.5,9.5,11.5,9.5,12.5,8.5,12.5
laboratory,0,NULL,9_13,grid,8.5,12.5,9.5,12.5,9.5,13.5,8.5,13.5
laboratory,0,NULL,9_14,grid,8.5,13.5,9.5,13.5,9.5,14.5,8.5,14.5
laboratory,0,NULL,9_15,grid,8.5,14.5,9.5,14.5,9.5,15.5,8.5,15.5
laboratory,0,NULL,9_16,grid,8.5,15.5,9.5,15.5,9.5,16.5,8.5,16.5
laboratory,0,NULL,9_17,grid,8.5,16.5,9.5,16.5,9.5,17.5,8.5,17.5
laboratory,0,NULL,9_18,grid,8.5,17.5,9.5,17.5,9.5,18.5,8.5,18.5
laboratory,0,NULL,9_19,grid,8.5,18.5,9.5,18.5,9.5,19.5,8.5,19.5
laboratory,0,NULL,9_20,grid,8.5,19.5,9.5,19.5,9.5,20.5,8.5,20.5
laboratory,0,NULL,10_0,grid,9.5,-0.5,10.5,-0.5,10.5,0.5,9.5,0.5
laboratory,0,NULL,10_1,grid,9.5,0.5,10.5,0.5,10.5,1.5,9.5,1.5
laboratory,0,NULL,10_2,grid,9.5,1.5,10.5,1.5,10.5,2.5,9.5,2.5
laboratory,0,NULL,10_3,grid,9.5,2.5,10.5,2.5,10.5,3.5,9.5,3.5
laboratory,0,NULL,10_4,grid,9.5,3.5,10.5,3.5,10.5,4.5,9.5,4.5
laboratory,0,NULL,10_5,grid,9.5,4.5,10.5,4.5,10.5,5.5,9.5,5.5
laboratory,0,NULL,10_6,grid,9.5,5.5,10.5,5.5,10.5,6.5,9.5,6.5
laboratory,0,NULL,10_7,grid,9.5,6.5,10.5,6.5,10.5,7.5,9.5,7.5
laboratory,0,NULL,10_8,grid,9.5,7.5,10.5,7.5,10.5,8.5,9.5,8.5
laboratory,0,NULL,10_9,grid,9.5,8.5,10.5,8.5,10.5,9.5,9.5,9.5
laboratory,0,NULL,10_10,grid,9.5,9.5,10.5,9.5,10.5,10.5,9.5,10.5
laboratory,0,NULL,10_11,grid,9.5,10.5,10.5,10.5,10.5,11.5,9.5,11.5
laboratory,0,NULL,10_12,grid,9.5,11.5,10.5,11.5,10.5,12.5,9.5,12.5
laboratory,0,NULL,10_13,grid,9.5,12.5,10.5,12.5,10.5,13.5,9.5,13.5
laboratory,0,NULL,10_14,grid,9.5,13.5,10.5,13.5,10.5,14.5,9.5,14.5
laboratory,0,NULL,10_15,grid,9.5,14.5,10.5,14.5,10.5,15.5,9.5,15.5
laboratory,0,NULL,10_16,grid,9.5,15.5,10.5,15.5,10.5,16.5,9.5,16.5
laboratory,0,NULL,10_17,grid,9.5,16.5,10.5,16.5,10.5,17.5,9.5,17.5
laboratory,0,NULL,10_18,grid,9.5,17.5,10.5,17.5,10.5,18.5,9.5,18.5
laboratory,0,NULL,10_19,grid,9.5,18.5,10.5,18.5,10.5,19.5,9.5,19.5
laboratory,0,NULL,10_20,grid,9.5,19.5,10.5,19.5,10.5,20.5,9.5,20.5
laboratory,0,NULL,11_0,grid,10.5,-0.5,11.5,-0.5,11.5,0.5,10.5,0.5
laboratory,0,NULL,11_1,grid,10.5,0.5,11.5,0.5,11.5,1.5,10.5,1.5
laboratory,0,NULL,11_2,grid,10.5,1.5,11.5,1.5,11.5,2.5,10.5,2.5
laboratory,0,NULL,11_3,grid,10.5,2.5,11.5,2.5,11.5,3.5,10.5,3.5
laboratory,0,NULL,11_4,grid,10.5,3.5,11.5,3.5,11.5,4.5,10.5,4.5
laboratory,0,NULL,11_5,grid,10.5,4.5,11.5,4.5,11.5,5.5,10.5,5.5
laboratory,0,NULL,11_6,grid,10.5,5.5,11.5,5.5,11.5,6.5,10.5,6.5
laboratory,0,NULL,11_7,grid,10.5,6.5,11.5,6.5,11.5,7.5,10.5,7.5
laboratory,0,NULL,11_8,grid,10.5,7.5,11.5,7.5,11.5,8.5,10.5,8.5
laboratory,0,NULL,11_9,grid,10.5,8.5,11.5,8.5,11.5,9.5,10.5,9.5
laboratory,0,NULL,11_10,grid,10.5,9.5,11.5,9.5,11.5,10.5,10.5,10.5
laboratory,0,NULL,11_11,grid,10.5,10.5,11.5,10.5,11.5,11.5,10.5,11.5
laboratory,0,NULL,11_12,grid,10.5,11.5,11.5,11.5,11.5,12.5,10.5,12.5
laboratory,0,NULL,11_13,grid,10.5,12.5,11.5,12.5,11.5,13.5,10.5,13.5
laboratory,0,NULL,11_14,grid,10.5,13.5,11.5,13.5,11.5,14.5,10.5,14.5
laboratory,0,NULL,11_15,grid,10.5,14.5,11.5,14.5,11.5,15.5,10.5,15.5
laboratory,0,NULL,11_16,grid,10.5,15.5,11.5,15.5,11.5,16.5,10.5,16.5
laboratory,0,NULL,11_17,grid,10.5,16.5,11.5,16.5,11.5,17.5,10.5,17.5
laboratory,0,NULL,11_18,grid,10.5,17.5,11.5,17.5,11.5,18.5,10.5,18.5
laboratory,0,NULL,11_19,grid,10.5,18.5,11.5,18.5,11.5,19.5,10.5,19.5
laboratory,0,NULL,11_20,grid,10.5,19.5,11.5,19.5,11.5,20.5,10.5,20.5
laboratory,0,NULL,12_0,grid,11.5,-0.5,12.5,-0.5,12.5,0.5,11.5,0.5
laboratory,0,NULL,12_1,grid,11.5,0.5,12.5,0.5,12.5,1.5,11.5,1.5
laboratory,0,NULL,12_2,grid,11.5,1.5,12.5,1.5,12.5,2.5,11.5,2.5
laboratory,0,NULL,12_3,grid,11.5,2.5,12.5,2.5,12.5,3.5,11.5,3.5
laboratory,0,NULL,12_4,grid,11.5,3.5,12.5,3.5,12.5,4.5,11.5,4.5
laboratory,0,NULL,12_5,grid,11.5,4.5,12.5,4.5,12.5,5.5,11.5,5.5
laboratory,0,NULL,12_6,grid,11.5,5.5,12.5,5.5,12.5,6.5,11.5,6.5
laboratory,0,NULL,12_7,grid,11.5,6.5,12.5,6.5,12.5,7.5,11.5,7.5
laboratory,0,NULL,12_8,grid,11.5,7.5,12.5,7.5,12.5,8.5,11.5,8.5
laboratory,0,NULL,12_9,grid,11.5,8.5,12.5,8.5,12.5,9.5,11.5,9.5
laboratory,0,NULL,12_10,grid,11.5,9.5,12.5,9.5,12.5,10.5,11.5,10.5
laboratory,0,NULL,12_11,grid,11.5,10.5,12.5,10.5,12.5,11.5,11.5,11.5
laboratory,0,NULL,12_12,grid,11.5,11.5,12.5,11.5,12.5,12.5,11.5,12.5
laboratory,0,NULL,12_13,grid,11.5,12.5,12.5,12.5,12.5,13.5,11.5,13.5
laboratory,0,NULL,12_14,grid,11.5,13.5,12.5,13.5,12.5,14.5,11.5,14.5
laboratory,0,NULL,12_15,grid,11.5,14.5,12.5,14.5,12.5,15.5,11.5,15.5
laboratory,0,NULL,12_16,grid,11.5,15.5,12.5,15.5,12.5,16.5,11.5,16.5
laboratory,0,NULL,12_17,grid,11.5,16.5,12.5,16.5,12.5,17.5,11.5,17.5
laboratory,0,NULL,12_18,grid,11.5,17.5,12.5,17.5,12.5,18.5,11.5,18.5
laboratory,0,NULL,12_19,grid,11.5,18.5,12.5,18.5,12.5,19.5,11.5,19.5
laboratory,0,NULL,12_20,grid,11.5,19.5,12.5,19.5,12.5,20.5,11.5,20.5
laboratory,0,NULL,13_0,grid,12.5,-0.5,13.5,-0.5,13.5,0.5,12.5,0.5
laboratory,0,NULL,13_1,grid,12.5,0.5,13.5,0.5,13.5,1.5,12.5,1.5
laboratory,0,NULL,13_2,grid,12.5,1.5,13.5,1.5,13.5,2.5,12.5,2.5
laboratory,0,NULL,13_3,grid,12.5,2.5,13.5,2.5,13.5,3.5,12.5,3.5
laboratory,0,NULL,13_4,grid,12.5,3.5,13.5,3.5,13.5,4.5,12.5,4.5
laboratory,0,NULL,13_5,grid,12.5,4.5,13.5,4.5,13.5,5.5,12.5,5.5
laboratory,0,NULL,13_6,grid,12.5,5.5,13.5,5.5,13.5,6.5,12.5,6.5
laboratory,0,NULL,13_7,grid,12.5,6.5,13.5,6.5,13.5,7.5,12.5,7.5
laboratory,0,NULL,13_8,grid,12.5,7.5,13.5,7.5,13.5,8.5,12.5,8.5
laboratory,0,NULL,13_9,grid,12.5,8.5,13.5,8.5,13.5,9.5,12.5,9.5
laboratory,0,NULL,13_10,grid,12.5,9.5,13.5,9.5,13.5,10.5,12.5,10.5
laboratory,0,NULL,13_11,grid,12.5,10.5,13.5,10.5,13.5,11.5,12.5,11.5
laboratory,0,NULL,13_12,grid,12.5,11.5,13.5,11.5,13.5,12.5,12.5,12.5
laboratory,0,NULL,13_13,grid,12.5,12.5,13.5,12.5,13.5,13.5,12.5,13.5
laboratory,0,NULL,13_14,grid,12.5,13.5,13.5,13.5,13.5,14.5,12.5,14.5
laboratory,0,NULL,13_15,grid,12.5,14.5,13.5,14.5,13.5,15.5,12.5,15.5
laboratory,0,NULL,13_16,grid,12.5,15.5,13.5,15.5,13.5,16.5,12.5,16.5
laboratory,0,NULL,13_17,grid,12.5,16.5,13.5,16.5,13.5,17.5,12.5,17.5
laboratory,0,NULL,13_18,grid,12.5,17.5,13.5,17.5,13.5,18.5,12.5,18.5
laboratory,0,NULL,13_19,grid,12.5,18.5,13.5,18.5,13.5,19.5,12.5,19.5
laboratory,0,NULL,13_20,grid,12.5,19.5,13.5,19.5,13.5,20.5,12.5,20.5
laboratory,0,NULL,14_0,grid,13.5,-0.5,14.5,-0.5,14.5,0.5,13.5,0.5
laboratory,0,NULL,14_1,grid,13.5,0.5,14.5,0.5,14.5,1.5,13.5,1.5
laboratory,0,NULL,14_2,grid,13.5,1.5,14.5,1.5,14.5,2.5,13.5,2.5
laboratory,0,NULL,14_3,grid,13.5,2.5,14.5,2.5,14.5,3.5,13.5,3.5
laboratory,0,NULL,14_4,grid,13.5,3.5,14.5,3.5,14.5,4.5,13.5,4.5
laboratory,0,NULL,14_5,grid,13.5,4.5,14.5,4.5,14.5,5.5,13.5,5.5
laboratory,0,NULL,14_6,grid,13.5,5.5,14.5,5.5,14.5,6.5,13.5,6.5
laboratory,0,NULL,14_7,grid,13.5,6.5,14.5,6.5,14.5,7.5,13.5,7.5
laboratory,0,NULL,14_8,grid,13.5,7.5,14.5,7.5,14.5,8.5,13.5,8.5
laboratory,0,NULL,14_9,grid,13.5,8.5,14.5,8.5,14.5,9.5,13.5,9.5
laboratory,0,NULL,14_10,grid,13.5,9.5,14.5,9.5,14.5,10.5,13.5,10.5
laboratory,0,NULL,14_11,grid,13.5,10.5,14.5,10.5,14.5,11.5,13.5,11.5
laboratory,0,NULL,14_12,grid,13.5,11.5,14.5,11.5,14.5,12.5,13.5,12.5
laboratory,0,NULL,14_13,grid,13.5,12.5,14.5,12.5,14.5,13.5,13.5,13.5
laboratory,0,NULL,14_14,grid,13.5,13.5,14.5,13.5,14.5,14.5,13.5,14.5
laboratory,0,NULL,14_15,grid,13.5,14.5,14.5,14.5,14.5,15.5,13.5,15.5
laboratory,0,NULL,14_16,grid,13.5,15.5,14.5,15.5,14.5,16.5,13.5,16.5
laboratory,0,NULL,14_17,grid,13.5,16.5,14.5,16.5,14.5,17.5,13.5,17.5
laboratory,0,NULL,14_18,grid,13.5,17.5,14.5,17.5,14.5,18.5,13.5,18.5
laboratory,0,NULL,14_19,grid,13.5,18.5,14.5,18.5,14.5,19.5,13.5,19.5
laboratory,0,NULL,14_20,grid,13.5,19.5,14.5,19.5,14.5,20.5,13.5,20.5
laboratory,0,NULL,15_0,grid,14.5,-0.5,15.5,-0.5,15.5,0.5,14.5,0.5
laboratory,0,NULL,15_1,grid,14.5,0.5,15.5,0.5,15.5,1.5,14.5,1.5
laboratory,0,NULL,15_2,grid,14.5,1.5,15.5,1.5,15.5,2.5,14.5,2.5
laboratory,0,NULL,15_3,grid,14.5,2.5,15.5,2.5,15.5,3.5,14.5,3.5
laboratory,0,NULL,15_4,grid,14.5,3.5,15.5,3.5,15.5,4.5,14.5,4.5
laboratory,0,NULL,15_5,grid,14.5,4.5,15.5,4.5,15.5,5.5,14.5,5.5
laboratory,0,NULL,15_6,grid,14.5,5.5,15.5,5.5,15.5,6.5,14.5,6.5
laboratory,0,NULL,15_7,grid,14.5,6.5,15.5,6.5,15.5,7.5,14.5,7.5
laboratory,0,NULL,15_8,grid,14.5,7.5,15.5,7.5,15.5,8.5,14.5,8.5
laboratory,0,NULL,15_9,grid,14.5,8.5,15.5,8.5,15.5,9.5,14.5,9.5
laboratory,0,NULL,15_10,grid,14.5,9.5,15.5,9.5,15.5,10.5,14.5,10.5
laboratory,0,NULL,15_11,grid,14.5,10.5,15.5,10.5,15.5,11.5,14.5,11.5
laboratory,0,NULL,15_12,grid,14.5,11.5,15.5,11.5,15.5,12.5,14.5,12.5
laboratory,0,NULL,15_13,grid,14.5,12.5,15.5,12.5,15.5,13.5,14.5,13.5
laboratory,0,NULL,15_14,grid,14.5,13.5,15.5,13.5,15.5,14.5,14.5,14.5
laboratory,0,NULL,15_15,grid,14.5,14.5,15.5,14.5,15.5,15.5,14.5,15.5
laboratory,0,NULL,15_16,grid,14.5,15.5,15.5,15.5,15.5,16.5,14.5,16.5
laboratory,0,NULL,15_17,grid,14.5,16.5,15.5,16.5,15.5,17.5,14.5,17.5
laboratory,0,NULL,15_18,grid,14.5,17.5,15.5,17.5,15.5,18.5,14.5,18.5
laboratory,0,NULL,15_19,grid,14.5,18.5,15.5,18.5,15.5,19.5,14.5,19.5
laboratory,0,NULL,15_20,grid,14.5,19.5,15.5,19.5,15.5,20.5,14.5,20.5
laboratory,0,NULL,16_0,grid,15.5,-0.5,16.5,-0.5,16.5,0.5,15.5,0.5
laboratory,0,NULL,16_1,grid,15.5,0.5,16.5,0.5,16.5,1.5,15.5,1.5
laboratory,0,NULL,16_2,grid,15.5,1.5,16.5,1.5,16.5,2.5,15.5,2.5
laboratory,0,NULL,16_3,grid,15.5,2.5,16.5,2.5,16.5,3.5,15.5,3.5
laboratory,0,NULL,16_4,grid,15.5,3.5,16.5,3.5,16.5,4.5,15.5,4.5
laboratory,0,NULL,16_5,grid,15.5,4.5,16.5,4.5,16.5,5.5,15.5,5.5
laboratory,0,NULL,16_6,grid,15.5,5.5,16.5,5.5,16.5,6.5,15.5,6.5
laboratory,0,NULL,16_7,grid,15.5,6.5,16.5,6.5,16.5,7.5,15.5,7.5
laboratory,0,NULL,16_8,grid,15.5,7.5,16.5,7.5,16.5,8.5,15.5,8.5
laboratory,0,NULL,16_9,grid,15.5,8.5,16.5,8.5,16.5,9.5,15.5,9.5
laboratory,0,NULL,16_10,grid,15.5,9.5,16.5,9.5,16.5,10.5,15.5,10.5
laboratory,0,NULL,16_11,grid,15.5,10.5,16.5,10.5,16.5,11.5,15.5,11.5
laboratory,0,NULL,16_12,grid,15.5,11.5,16.5,11.5,16.5,12.5,15.5,12.5
laboratory,0,NULL,16_13,grid,15.5,12.5,16.5,12.5,16.5,13.5,15.5,13.5
laboratory,0,NULL,16_14,grid,15.5,13.5,16.5,13.5,16.5,14.5,15.5,14.5
laboratory,0,NULL,16_15,grid,15.5,14.5,16.5,14.5,16.5,15.5,15.5,15.5
laboratory,0,NULL,16_16,grid,15.5,15.5,16.5,15.5,16.5,16.5,15.5,16.5
laboratory,0,NULL,16_17,grid,15.5,16.5,16.5,16.5,16.5,17.5,15.5,17.5
laboratory,0,NULL,16_18,grid,15.5,17.5,16.5,17.5,16.5,18.5,15.5,18.5
laboratory,0,NULL,16_19,grid,15.5,18.5,16.5,18.5,16.5,19.5,15.5,19.5
laboratory,0,NULL,16_20,grid,15.5,19.5,16.5,19.5,16.5,20.5,15.5,20.5
laboratory,0,NULL,17_0,grid,16.5,-0.5,17.5,-0.5,17.5,0.5,16.5,0.5
laboratory,0,NULL,17_1,grid,16.5,0.5,17.5,0.5,17.5,1.5,16.5,1.5
laboratory,0,NULL,17_2,grid,16.5,1.5,17.5,1.5,17.5,2.5,16.5,2.5
laboratory,0,NULL,17_3,grid,16.5,2.5,17.5,2.5,17.5,3.5,16.5,3.5
laboratory,0,NULL,17_4,grid,16.5,3.5,17.5,3.5,17.5,4.5,16.5,4.5
laboratory,0,NULL,17_5,grid,16.5,4.5,17.5,4.5,17.5,5.5,16.5,5.5
laboratory,0,NULL,17_6,grid,16.5,5.5,17.5,5.5,17.5,6.5,16.5,6.5
laboratory,0,NULL,17_7,grid,16.5,6.5,17.5,6.5,17.5,7.5,16.5,7.5
laboratory,0,NULL,17_8,grid,16.5,7.5,17.5,7.5,17.5,8.5,16.5,8.5
laboratory,0,NULL,17_9,grid,16.5,8.5,17.5,8.5,17.5,9.5,16.5,9.5
laboratory,0,NULL,17_10,grid,16.5,9.5,17.5,9.5,17.5,10.5,16.5,10.5
laboratory,0,NULL,17_11,grid,16.5,10.5,17.5,10.5,17.5,11.5,16.5,11.5
laboratory,0,NULL,17_12,grid,16.5,11.5,17.5,11.5,17.5,12.5,16.5,12.5
laboratory,0,NULL,17_13,grid,16.5,12.5,17.5,12.5,17.5,13.5,16.5,13.5
laboratory,0,NULL,17_14,grid,16.5,13.5,17.5,13.5,17.5,14.5,16.5,14.5
laboratory,0,NULL,17_15,grid,16.5,14.5,17.5,14.5,17.5,15.5,16.5,15.5
laboratory,0,NULL,17_16,grid,16.5,15.5,17.5,15.5,17.5,16.5,16.5,16.5
laboratory,0,NULL,17_17,grid,16.5,16.5,17.5,16.5,17.5,17.5,16.5,17.5
laboratory,0,NULL,17_18,grid,16.5,17.5,17.5,17.5,17.5,18.5,16.5,18.5
laboratory,0,NULL,17_19,grid,16.5,18.5,17.5,18.5,17.5,19.5,16.5,19.5
laboratory,0,NULL,17_20,grid,16.5,19.5,17.5,19.5,17.5,20.5,16.5,20.5
laboratory,0,NULL,18_0,grid,17.5,-0.5,18.5,-0.5,18.5,0.5,17.5,0.5
laboratory,0,NULL,18_1,grid,17.5,0.5,18.5,0.5,18.5,1.5,17.5,1.5
laboratory,0,NULL,18_2,grid,17.5,1.5,18.5,1.5,18.5,2.5,17.5,2.5
laboratory,0,NULL,18_3,grid,17.5,2.5,18.5,2.5,18.5,3.5,17.5,3.5
laboratory,0,NULL,18_4,grid,17.5,3.5,18.5,3.5,18.5,4.5,17.5,4.5
laboratory,0,NULL,18_5,grid,17.5,4.5,18.5,4.5,18.5,5.5,17.5,5.5
laboratory,0,NULL,18_6,grid,17.5,5.5,18.5,5.5,18.5,6.5,17.5,6.5
laboratory,0,NULL,18_7,grid,17.5,6.5,18.5,6.5,18.5,7.5,17.5,7.5
laboratory,0,NULL,18_8,grid,17.5,7.5,18.5,7.5,18.5,8.5,17.5,8.5
laboratory,0,NULL,18_9,grid,17.5,8.5,18.5,8.5,18.5,9.5,17.5,9.5
laboratory,0,NULL,18_10,grid,17.5,9.5,18.5,9.5,18.5,10.5,17.5,10.5
laboratory,0,NULL,18_11,grid,17.5,10.5,18.5,10.5,18.5,11.5,17.5,11.5
laboratory,0,NULL,18_12,grid,17.5,11.5,18.5,11.5,18.5,12.5,17.5,12.5
laboratory,0,NULL,18_13,grid,17.5,12.5,18.5,12.5,18.5,13.5,17.5,13.5
laboratory,0,NULL,18_14,grid,17.5,13.5,18.5,13.5,18.5,14.5,17.5,14.5
laboratory,0,NULL,18_15,grid,17.5,14.5,18.5,14.5,18.5,15.5,17.5,15.5
laboratory,0,NULL,18_16,grid,17.5,15.5,18.5,15.5,18.5,16.5,17.5,16.5
laboratory,0,NULL,18_17,grid,17.5,16.5,18.5,16.5,18.5,17.5,17.5,17.5
laboratory,0,NULL,18_18,grid,17.5,17.5,18.5,17.5,18.5,18.5,17.5,18.5
laboratory,0,NULL,18_19,grid,17.5,18.5,18.5,18.5,18.5,19.5,17.5,19.5
laboratory,0,NULL,18_20,grid,17.5,19.5,18.5,19.5,18.5,20.5,17.5,20.5
laboratory,0,NULL,19_0,grid,18.5,-0.5,19.5,-0.5,19.5,0.5,18.5,0.5
laboratory,0,NULL,19_1,grid,18.5,0.5,19.5,0.5,19.5,1.5,18.5,1.5
laboratory,0,NULL,19_2,grid,18.5,1.5,19.5,1.5,19.5,2.5,18.5,2.5
laboratory,0,NULL,19_3,grid,18.5,2.5,19.5,2.5,19.5,3.5,18.5,3.5
laboratory,0,NULL,19_4,grid,18.5,3.5,19.5,3.5,19.5,4.5,18.5,4.5
laboratory,0,NULL,19_5,grid,18.5,4.5,19.5,4.5,19.5,5.5,18.5,5.5
laboratory,0,NULL,19_6,grid,18.5,5.5,19.5,5.5,19.5,6.5,18.5,6.5
laboratory,0,NULL,19_7,grid,18.5,6.5,19.5,6.5,19.5,7.5,18.5,7.5
laboratory,0,NULL,19_8,grid,18.5,7.5,19.5,7.5,19.5,8.5,18.5,8.5
laboratory,0,NULL,19_9,grid,18.5,8.5,19.5,8.5,19.5,9.5,18.5,9.5
laboratory,0,NULL,19_10,grid,18.5,9.5,19.5,9.5,19.5,10.5,18.5,10.5
laboratory,0,NULL,19_11,grid,18.5,10.5,19.5,10.5,19.5,11.5,18.5,11.5
laboratory,0,NULL,19_12,grid,18.5,11.5,19.5,11.5,19.5,12.5,18.5,12.5
laboratory,0,NULL,19_13,grid,18.5,12.5,19.5,12.5,19.5,13.5,18.5,13.5
laboratory,0,NULL,19_14,grid,18.5,13.5,19.5,13.5,19.5,14.5,18.5,14.5
laboratory,0,NULL,19_15,grid,18.5,14.5,19.5,14.5,19.5,15.5,18.5,15.5
laboratory,0,NULL,19_16,grid,18.5,15.5,19.5,15.5,19.5,16.5,18.5,16.5
laboratory,0,NULL,19_17,grid,18.5,16.5,19.5,16.5,19.5,17.5,18.5,17.5
laboratory,0,NULL,19_18,grid,18.5,17.5,19.5,17.5,19.5,18.5,18.5,18.5
laboratory,0,NULL,19_19,grid,18.5,18.5,19.5,18.5,19.5,19.5,18.5,19.5
laboratory,0,NULL,19_20,grid,18.5,19.5,19.5,19.5,19.5,20.5,18.5,20.5
laboratory,0,NULL,20_0,grid,19.5,-0.5,20.5,-0.5,20.5,0.5,19.5,0.5
laboratory,0,NULL,20_1,grid,19.5,0.5,20.5,0.5,20.5,1.5,19.5,1.5
laboratory,0,NULL,20_2,grid,19.5,1.5,20.5,1.5,20.5,2.5,19.5,2.5
laboratory,0,NULL,20_3,grid,19.5,2.5,20.5,2.5,20.5,3.5,19.5,3.5
laboratory,0,NULL,20_4,grid,19.5,3.5,20.5,3.5,20.5,4.5,19.5,4.5
laboratory,0,NULL,20_5,grid,19.5,4.5,20.5,4.5,20.5,5.5,19.5,5.5
laboratory,0,NULL,20_6,grid,19.5,5.5,20.5,5.5,20.5,6.5,19.5,6.5
laboratory,0,NULL,20_7,grid,19.5,6.5,20.5,6.5,20.5,7.5,19.5,7.5
laboratory,0,NULL,20_8,grid,19.5,7.5,20.5,7.5,20.5,8.5,19.5,8.5
laboratory,0,NULL,20_9,grid,19.5,8.5,20.5,8.5,20.5,9.5,19.5,9.5
laboratory,0,NULL,20_10,grid,19.5,9.5,20.5,9.5,20.5,10.5,19.5,10.5
laboratory,0,NULL,20_11,grid,19.5,10.5,20.5,10.5,20.5,11.5,19.5,11.5
laboratory,0,NULL,20_12,grid,19.5,11.5,20.5,11.5,20.5,12.5,19.5,12.5
laboratory,0,NULL,20_13,grid,19.5,12.5,20.5,12.5,20.5,13.5,19.5,13.5
laboratory,0,NULL,20_14,grid,19.5,13.5,20.5,13.5,20.5,14.5,19.5,14.5
laboratory,0,NULL,20_15,grid,19.5,14.5,20.5,14.5,20.5,15.5,19.5,15.5
laboratory,0,NULL,20_16,grid,19.5,15.5,20.5,15.5,20.5,16.5,19.5,16.5
laboratory,0,NULL,20_17,grid,19.5,16.5,20.5,16.5,20.5,17.5,19.5,17.5
laboratory,0,NULL,20_18,grid,19.5,17.5,20.5,17.5,20.5,18.5,19.5,18.5
laboratory,0,NULL,20_19,grid,19.5,18.5,20.5,18.5,20.5,19.5,19.5,19.5
laboratory,0,NULL,20_20,grid,19.5,19.5,20.5,19.5,20.5,20.5,19.5,20.5
laboratory,0,NULL,21_0,grid,20.5,-0.5,21.5,-0.5,21.5,0.5,20.5,0.5
laboratory,0,NULL,21_1,grid,20.5,0.5,21.5,0.5,21.5,1.5,20.5,1.5
laboratory,0,NULL,21_2,grid,20.5,1.5,21.5,1.5,21.5,2.5,20.5,2.5
laboratory,0,NULL,21_3,grid,20.5,2.5,21.5,2.5,21.5,3.5,20.5,3.5
laboratory,0,NULL,21_4,grid,20.5,3.5,21.5,3.5,21.5,4.5,20.5,4.5
laboratory,0,NULL,21_5,grid,20.5,4.5,21.5,4.5,21.5,5.5,20.5,5.5
laboratory,0,NULL,21_6,grid,20.5,5.5,21.5,5.5,21.5,6.5,20.5,6.5
laboratory,0,NULL,21_7,grid,20.5,6.5,21.5,6.5,21.5,7.5,20.5,7.5
laboratory,0,NULL,21_8,grid,20.5,7.5,21.5,7.5,21.5,8.5,20.5,8.5
laboratory,0,NULL,21_9,grid,20.5,8.5,21.5,8.5,21.5,9.5,20.5,9.5
laboratory,0,NULL,21_10,grid,20.5,9.5,21.5,9.5,21.5,10.5,20.5,10.5
laboratory,0,NULL,21_11,grid,20.5,10.5,21.5,10.5,21.5,11.5,20.5,11.5
laboratory,0,NULL,21_12,grid,20.5,11.5,21.5,11.5,21.5,12.5,20.5,12.5
laboratory,0,NULL,21_13,grid,20.5,12.5,21.5,12.5,21.5,13.5,20.5,13.5
laboratory,0,NULL,21_14,grid,20.5,13.5,21.5,13.5,21.5,14.5,20.5,14.5
laboratory,0,NULL,21_15,grid,20.5,14.5,21.5,14.5,21.5,15.5,20.5,15.5
laboratory,0,NULL,21_16,grid,20.5,15.5,21.5,15.5,21.5,16.5,20.5,16.5
laboratory,0,NULL,21_17,grid,20.5,16.5,21.5,16.5,21.5,17.5,20.5,17.5
laboratory,0,NULL,21_18,grid,20.5,17.5,21.5,17.5,21.5,18.5,20.5,18.5
laboratory,0,NULL,21_19,grid,20.5,18.5,21.5,18.5,21.5,19.5,20.5,19.5
laboratory,0,NULL,21_20,grid,20.5,19.5,21.5,19.5,21.5,20.5,20.5,20.5
laboratory,0,NULL,22_0,grid,21.5,-0.5,22.5,-0.5,22.5,0.5,21.5,0.5
laboratory,0,NULL,22_1,grid,21.5,0.5,22.5,0.5,22.5,1.5,21.5,1.5
laboratory,0,NULL,22_2,grid,21.5,1.5,22.5,1.5,22.5,2.5,21.5,2.5
laboratory,0,NULL,22_3,grid,21.5,2.5,22.5,2.5,22.5,3.5,21.5,3.5
laboratory,0,NULL,22_4,grid,21.5,3.5,22.5,3.5,22.5,4.5,21.5,4.5
laboratory,0,NULL,22_5,grid,21.5,4.5,22.5,4.5,22.5,5.5,21.5,5.5
laboratory,0,NULL,22_6,grid,21.5,5.5,22.5,5.5,22.5,6.5,21.5,6.5
laboratory,0,NULL,22_7,grid,21.5,6.5,22.5,6.5,22.5,7.5,21.5,7.5
laboratory,0,NULL,22_8,grid,21.5,7.5,22.5,7.5,22.5,8.5,21.5,8.5
laboratory,0,NULL,22_9,grid,21.5,8.5,22.5,8.5,22.5,9.5,21.5,9.5
laboratory,0,NULL,22_10,grid,21.5,9.5,22.5,9.5,22.5,10.5,21.5,10.5
laboratory,0,NULL,22_11,grid,21.5,10.5,22.5,10.5,22.5,11.5,21.5,11.5
laboratory,0,NULL,22_12,grid,21.5,11.5,22.5,11.5,22.5,12.5,21.5,12.5
laboratory,0,NULL,22_13,grid,21.5,12.5,22.5,12.5,22.5,13.5,21.5,13.5
laboratory,0,NULL,22_14,grid,21.5,13.5,22.5,13.5,22.5,14.5,21.5,14.5
laboratory,0,NULL,22_15,grid,21.5,14.5,22.5,14.5,22.5,15.5,21.5,15.5
laboratory,0,NULL,22_16,grid,21.5,15.5,22.5,15.5,22.5,16.5,21.5,16.5
laboratory,0,NULL,22_17,grid,21.5,16.5,22.5,16.5,22.5,17.5,21.5,17.5
laboratory,0,NULL,22_18,grid,21.5,17.5,22.5,17.5,22.5,18.5,21.5,18.5
laboratory,0,NULL,22_19,grid,21.5,18.5,22.5,18.5,22.5,19.5,21.5,19.5
laboratory,0,NULL,22_20,grid,21.5,19.5,22.5,19.5,22.5,20.5,21.5,20.5
laboratory,0,NULL,23_0,grid,22.5,-0.5,23.5,-0.5,23.5,0.5,22.5,0.5
laboratory,0,NULL,23_1,grid,22.5,0.5,23.5,0.5,23.5,1.5,22.5,1.5
laboratory,0,NULL,23_2,grid,22.5,1.5,23.5,1.5,23.5,2.5,22.5,2.5
laboratory,0,NULL,23_3,grid,22.5,2.5,23.5,2.5,23.5,3.5,22.5,3.5
laboratory,0,NULL,23_4,grid,22.5,3.5,23.5,3.5,23.5,4.5,22.5,4.5
laboratory,0,NULL,23_5,grid,22.5,4.5,23.5,4.5,23.5,5.5,22.5,5.5
laboratory,0,NULL,23_6,grid,22.5,5.5,23.5,5.5,23.5,6.5,22.5,6.5
laboratory,0,NULL,23_7,grid,22.5,6.5,23.5,6.5,23.5,7.5,22.5,7.5
laboratory,0,NULL,23_8,grid,22.5,7.5,23.5,7.5,23.5,8.5,22.5,8.5
laboratory,0,NULL,23_9,grid,22.5,8.5,23.5,8.5,23.5,9.5,22.5,9.5
laboratory,0,NULL,23_10,grid,22.5,9.5,23.5,9.5,23.5,10.5,22.5,10.5
laboratory,0,NULL,23_11,grid,22.5,10.5,23.5,10.5,23.5,11.5,22.5,11.5
laboratory,0,NULL,23_12,grid,22.5,11.5,23.5,11.5,23.5,12.5,22.5,12.5
laboratory,0,NULL,23_13,grid,22.5,12.5,23.5,12.5,23.5,13.5,22.5,13.5
laboratory,0,NULL,23_14,grid,22.5,13.5,23.5,13.5,23.5,14.5,22.5,14.5
laboratory,0,NULL,23_15,grid,22.5,14.5,23.5,14.5,23.5,15.5,22.5,15.5
laboratory,0,NULL,23_16,grid,22.5,15.5,23.5,15.5,23.5,16.5,22.5,16.5
laboratory,0,NULL,23_17,grid,22.5,16.5,23.5,16.5,23.5,17.5,22.5,17.5
laboratory,0,NULL,23_18,grid,22.5,17.5,23.5,17.5,23.5,18.5,22.5,18.5
laboratory,0,NULL,23_19,grid,22.5,18.5,23.5,18.5,23.5,19.5,22.5,19.5
laboratory,0,NULL,23_20,grid,22.5,19.5,23.5,19.5,23.5,20.5,22.5,20.5
laboratory,0,NULL,24_0,grid,23.5,-0.5,24.5,-0.5,24.5,0.5,23.5,0.5
laboratory,0,NULL,24_1,grid,23.5,0.5,24.5,0.5,24.5,1.5,23.5,1.5
laboratory,0,NULL,24_2,grid,23.5,1.5,24.5,1.5,24.5,2.5,23.5,2.5
laboratory,0,NULL,24_3,grid,23.5,2.5,24.5,2.5,24.5,3.5,23.5,3.5
laboratory,0,NULL,24_4,grid,23.5,3.5,24.5,3.5,24.5,4.5,23.5,4.5
laboratory,0,NULL,24_5,grid,23.5,4.5,24.5,4.5,24.5,5.5,23.5,5.5
laboratory,0,NULL,24_6,grid,23.5,5.5,24.5,5.5,24.5,6.5,23.5,6.5
laboratory,0,NULL,24_7,grid,23.5,6.5,24.5,6.5,24.5,7.5,23.5,7.5
laboratory,0,NULL,24_8,grid,23.5,7.5,24.5,7.5,24.5,8.5,23.5,8.5
laboratory,0,NULL,24_9,grid,23.5,8.5,24.5,8.5,24.5,9.5,23.5,9.5
laboratory,0,NULL,24_10,grid,23.5,9.5,24.5,9.5,24.5,10.5,23.5,10.5
laboratory,0,NULL,24_11,grid,23.5,10.5,24.5,10.5,24.5,11.5,23.5,11.5
laboratory,0,NULL,24_12,grid,23.5,11.5,24.5,11.5,24.5,12.5,23.5,12.5
laboratory,0,NULL,24_13,grid,23.5,12.5,24.5,12.5,24.5,13.5,23.5,13.5
laboratory,0,NULL,24_14,grid,23.5,13.5,24.5,13.5,24.5,14.5,23.5,14.5
laboratory,0,NULL,24_15,grid,23.5,14.5,24.5,14.5,24.5,15.5,23.5,15.5
laboratory,0,NULL,24_16,grid,23.5,15.5,24.5,15.5,24.5,16.5,23.5,16.5
laboratory,0,NULL,24_17,grid,23.5,16.5,24.5,16.5,24.5,17.5,23.5,17.5
laboratory,0,NULL,24_18,grid,23.5,17.5,24.5,17.5,24.5,18.5,23.5,18.5
laboratory,0,NULL,24_19,grid,23.5,18.5,24.5,18.5,24.5,19.5,23.5,19.5
laboratory,0,NULL,24_20,grid,23.5,19.5,24.5,19.5,24.5,20.5,23.5,20.5
laboratory,0,NULL,25_0,grid,24.5,-0.5,25.5,-0.5,25.5,0.5,24.5,0.5
laboratory,0,NULL,25_1,grid,24.5,0.5,25.5,0.5,25.5,1.5,24.5,1.5
laboratory,0,NULL,25_2,grid,24.5,1.5,25.5,1.5,25.5,2.5,24.5,2.5
laboratory,0,NULL,25_3,grid,24.5,2.5,25.5,2.5,25.5,3.5,24.5,3.5
laboratory,0,NULL,25_4,grid,24.5,3.5,25.5,3.5,25.5,4.5,24.5,4.5
laboratory,0,NULL,25_5,grid,24.5,4.5,25.5,4.5,25.5,5.5,24.5,5.5
laboratory,0,NULL,25_6,grid,24.5,5.5,25.5,5.5,25.5,6.5,24.5,6.5
laboratory,0,NULL,25_7,grid,24.5,6.5,25.5,6.5,25.5,7.5,24.5,7.5
laboratory,0,NULL,25_8,grid,24.5,7.5,25.5,7.5,25.5,8.5,24.5,8.5
laboratory,0,NULL,25_9,grid,24.5,8.5,25.5,8.5,25.5,9.5,24.5,9.5
laboratory,0,NULL,25_10,grid,24.5,9.5,25.5,9.5,25.5,10.5,24.5,10.5
laboratory,0,NULL,25_11,grid,24.5,10.5,25.5,10.5,25.5,11.5,24.5,11.5
laboratory,0,NULL,25_12,grid,24.5,11.5,25.5,11.5,25.5,12.5,24.5,12.5
laboratory,0,NULL,25_13,grid,24.5,12.5,25.5,12.5,25.5,13.5,24.5,13.5
laboratory,0,NULL,25_14,grid,24.5,13.5,25.5,13.5,25.5,14.5,24.5,14.5
laboratory,0,NULL,25_15,grid,24.5,14.5,25.5,14.5,25.5,15.5,24.5,15.5
laboratory,0,NULL,25_16,grid,24.5,15.5,25.5,15.5,25.5,16.5,24.5,16.5
laboratory,0,NULL,25_17,grid,24.5,16.5,25.5,16.5,25.5,17.5,24.5,17.5
laboratory,0,NULL,25_18,grid,24.5,17.5,25.5,17.5,25.5,18.5,24.5,18.5
laboratory,0,NULL,25_19,grid,24.5,18.5,25.5,18.5,25.5,19.5,24.5,19.5
laboratory,0,NULL,25_20,grid,24.5,19.5,25.5,19.5,25.5,20.5,24.5,20.5
laboratory,0,NULL,26_0,grid,25.5,-0.5,26.5,-0.5,26.5,0.5,25.5,0.5
laboratory,0,NULL,26_1,grid,25.5,0.5,26.5,0.5,26.5,1.5,25.5,1.5
laboratory,0,NULL,26_2,grid,25.5,1.5,26.5,1.5,26.5,2.5,25.5,2.5
laboratory,0,NULL,26_3,grid,25.5,2.5,26.5,2.5,26.5,3.5,25.5,3.5
laboratory,0,NULL,26_4,grid,25.5,3.5,26.5,3.5,26.5,4.5,25.5,4.5
laboratory,0,NULL,26_5,grid,25.5,4.5,26.5,4.5,26.5,5.5,25.5,5.5
laboratory,0,NULL,26_6,grid,25.5,5.5,26.5,5.5,26.5,6.5,25.5,6.5
laboratory,0,NULL,26_7,grid,25.5,6.5,26.5,6.5,26.5,7.5,25.5,7.5
laboratory,0,NULL,26_8,grid,25.5,7.5,26.5,7.5,26.5,8.5,25.5,8.5
laboratory,0,NULL,26_9,grid,25.5,8.5,26.5,8.5,26.5,9.5,25.5,9.5
laboratory,0,NULL,26_10,grid,25.5,9.5,26.5,9.5,26.5,10.5,25.5,10.5
laboratory,0,NULL,26_11,grid,25.5,10.5,26.5,10.5,26.5,11.5,25.5,11.5
laboratory,0,NULL,26_12,grid,25.5,11.5,26.5,11.5,26.5,12.5,25.5,12.5
laboratory,0,NULL,26_13,grid,25.5,12.5,26.5,12.5,26.5,13.5,25.5,13.5
laboratory,0,NULL,26_14,grid,25.5,13.5,26.5,13.5,26.5,14.5,25.5,14.5
laboratory,0,NULL,26_15,grid,25.5,14.5,26.5,14.5,26.5,15.5,25.5,15.5
laboratory,0,NULL,26_16,grid,25.5,15.5,26.5,15.5,26.5,16.5,25.5,16.5
laboratory,0,NULL,26_17,grid,25.5,16.5,26.5,16.5,26.5,17.5,25.5,17.5
laboratory,0,NULL,26_18,grid,25.5,17.5,26.5,17.5,26.5,18.5,25.5,18.5
laboratory,0,NULL,26_19,grid,25.5,18.5,26.5,18.5,26.5,19.5,25.5,19.5
laboratory,0,NULL,26_20,grid,25.5,19.5,26.5,19.5,26.5,20.5,25.5,20.5
laboratory,0,NULL,27_0,grid,26.5,-0.5,27.5,-0.5,27.5,0.5,26.5,0.5
laboratory,0,NULL,27_1,grid,26.5,0.5,27.5,0.5,27.5,1.5,26.5,1.5
laboratory,0,NULL,27_2,grid,26.5,1.5,27.5,1.5,27.5,2.5,26.5,2.5
laboratory,0,NULL,27_3,grid,26.5,2.5,27.5,2.5,27.5,3.5,26.5,3.5
laboratory,0,NULL,27_4,grid,26.5,3.5,27.5,3.5,27.5,4.5,26.5,4.5
laboratory,0,NULL,27_5,grid,26.5,4.5,27.5,4.5,27.5,5.5,26.5,5.5
laboratory,0,NULL,27_6,grid,26.5,5.5,27.5,5.5,27.5,6.5,26.5,6.5
laboratory,0,NULL,27_7,grid,26.5,6.5,27.5,6.5,27.5,7.5,26.5,7.5
laboratory,0,NULL,27_8,grid,26.5,7.5,27.5,7.5,27.5,8.5,26.5,8.5
laboratory,0,NULL,27_9,grid,26.5,8.5,27.5,8.5,27.5,9.5,26.5,9.5
laboratory,0,NULL,27_10,grid,26.5,9.5,27.5,9.5,27.5,10.5,26.5,10.5
laboratory,0,NULL,27_11,grid,26.5,10.5,27.5,10.5,27.5,11.5,26.5,11.5
laboratory,0,NULL,27_12,grid,26.5,11.5,27.5,11.5,27.5,12.5,26.5,12.5
laboratory,0,NULL,27_13,grid,26.5,12.5,27.5,12.5,27.5,13.5,26.5,13.5
laboratory,0,NULL,27_14,grid,26.5,13.5,27.5,13.5,27.5,14.5,26.5,14.5
laboratory,0,NULL,27_15,grid,26.5,14.5,27.5,14.5,27.5,15.5,26.5,15.5
laboratory,0,NULL,27_16,grid,26.5,15.5,27.5,15.5,27.5,16.5,26.5,16.5
laboratory,0,NULL,27_17,grid,26.5,16.5,27.5,16.5,27.5,17.5,26.5,17.5
laboratory,0,NULL,27_18,grid,26.5,17.5,27.5,17.5,27.5,18.5,26.5,18.5
laboratory,0,NULL,27_19,grid,26.5,18.5,27.5,18.5,27.5,19.5,26.5,19.5
laboratory,0,NULL,27_20,grid,26.5,19.5,27.5,19.5,27.5,20.5,26.5,20.5
laboratory,0,NULL,28_0,grid,27.5,-0.5,28.5,-0.5,28.5,0.5,27.5,0.5
laboratory,0,NULL,28_1,grid,27.5,0.5,28.5,0.5,28.5,1.5,27.5,1.5
laboratory,0,NULL,28_2,grid,27.5,1.5,28.5,1.5,28.5,2.5,27.5,2.5
laboratory,0,NULL,28_3,grid,27.5,2.5,28.5,2.5,28.5,3.5,27.5,3.5
laboratory,0,NULL,28_4,grid,27.5,3.5,28.5,3.5,28.5,4.5,27.5,4.5
laboratory,0,NULL,28_5,grid,27.5,4.5,28.5,4.5,28.5,5.5,27.5,5.5
laboratory,0,NULL,28_6,grid,27.5,5.5,28.5,5.5,28.5,6.5,27.5,6.5
laboratory,0,NULL,28_7,grid,27.5,6.5,28.5,6.5,28.5,7.5,27.5,7.5
laboratory,0,NULL,28_8,grid,27.5,7.5,28.5,7.5,28.5,8.5,27.5,8.5
laboratory,0,NULL,28_9,grid,27.5,8.5,28.5,8.5,28.5,9.5,27.5,9.5
laboratory,0,NULL,28_10,grid,27.5,9.5,28.5,9.5,28.5,10.5,27.5,10.5
laboratory,0,NULL,28_11,grid,27.5,10.5,28.5,10.5,28.5,11.5,27.5,11.5
laboratory,0,NULL,28_12,grid,27.5,11.5,28.5,11.5,28.5,12.5,27.5,12.5
laboratory,0,NULL,28_13,grid,27.5,12.5,28.5,12.5,28.5,13.5,27.5,13.5
laboratory,0,NULL,28_14,grid,27.5,13.5,28.5,13.5,28.5,14.5,27.5,14.5
laboratory,0,NULL,28_15,grid,27.5,14.5,28.5,14.5,28.5,15.5,27.5,15.5
laboratory,0,NULL,28_16,grid,27.5,15.5,28.5,15.5,28.5,16.5,27.5,16.5
laboratory,0,NULL,28_17,grid,27.5,16.5,28.5,16.5,28.5,17.5,27.5,17.5
laboratory,0,NULL,28_18,grid,27.5,17.5,28.5,17.5,28.5,18.5,27.5,18.5
laboratory,0,NULL,28_19,grid,27.5,18.5,28.5,18.5,28.5,19.5,27.5,19.5
laboratory,0,NULL,28_20,grid,27.5,19.5,28.5,19.5,28.5,20.5,27.5,20.5
laboratory,0,NULL,29_0,grid,28.5,-0.5,29.5,-0.5,29.5,0.5,28.5,0.5
laboratory,0,NULL,29_1,grid,28.5,0.5,29.5,0.5,29.5,1.5,28.5,1.5
laboratory,0,NULL,29_2,grid,28.5,1.5,29.5,1.5,29.5,2.5,28.5,2.5
laboratory,0,NULL,29_3,grid,28.5,2.5,29.5,2.5,29.5,3.5,28.5,3.5
laboratory,0,NULL,29_4,grid,28.5,3.5,29.5,3.5,29.5,4.5,28.5,4.5
laboratory,0,NULL,29_5,grid,28.5,4.5,29.5,4.5,29.5,5.5,28.5,5.5
laboratory,0,NULL,29_6,grid,28.5,5.5,29.5,5.5,29.5,6.5,28.5,6.5
laboratory,0,NULL,29_7,grid,28.5,6.5,29.5,6.5,29.5,7.5,28.5,7.5
laboratory,0,NULL,29_8,grid,28.5,7.5,29.5,7.5,29.5,8.5,28.5,8.5
laboratory,0,NULL,29_9,grid,28.5,8.5,29.5,8.5,29.5,9.5,28.5,9.5
laboratory,0,NULL,29_10,grid,28.5,9.5,29.5,9.5,29.5,10.5,28.5,10.5
laboratory,0,NULL,29_11,grid,28.5,10.5,29.5,10.5,29.5,11.5,28.5,11.5
laboratory,0,NULL,29_12,grid,28.5,11.5,29.5,11.5,29.5,12.5,28.5,12.5
laboratory,0,NULL,29_13,grid,28.5,12.5,29.5,12.5,29.5,13.5,28.5,13.5
laboratory,0,NULL,29_14,grid,28.5,13.5,29.5,13.5,29.5,14.5,28.5,14.5
laboratory,0,NULL,29_15,grid,28.5,14.5,29.5,14.5,29.5,15.5,28.5,15.5
laboratory,0,NULL,29_16,grid,28.5,15.5,29.5,15.5,29.5,16.5,28.5,16.5
laboratory,0,NULL,29_17,grid,28.5,16.5,29.5,16.5,29.5,17.5,28.5,17.5
laboratory,0,NULL,29_18,grid,28.5,17.5,29.5,17.5,29.5,18.5,28.5,18.5
laboratory,0,NULL,29_19,grid,28.5,18.5,29.5,18.5,29.5,19.5,28.5,19.5
laboratory,0,NULL,29_20,grid,28.5,19.5,29.5,19.5,29.5,20.5,28.5,20.5
laboratory,0,NULL,30_0,grid,29.5,-0.5,30.5,-0.5,30.5,0.5,29.5,0.5
laboratory,0,NULL,30_1,grid,29.5,0.5,30.5,0.5,30.5,1.5,29.5,1.5
laboratory,0,NULL,30_2,grid,29.5,1.5,30.5,1.5,30.5,2.5,29.5,2.5
laboratory,0,NULL,30_3,grid,29.5,2.5,30.5,2.5,30.5,3.5,29.5,3.5
laboratory,0,NULL,30_4,grid,29.5,3.5,30.5,3.5,30.5,4.5,29.5,4.5
laboratory,0,NULL,30_5,grid,29.5,4.5,30.5,4.5,30.5,5.5,29.5,5.5
laboratory,0,NULL,30_6,grid,29.5,5.5,30.5,5.5,30.5,6.5,29.5,6.5
laboratory,0,NULL,30_7,grid,29.5,6.5,30.5,6.5,30.5,7.5,29.5,7.5
laboratory,0,NULL,30_8,grid,29.5,7.5,30.5,7.5,30.5,8.5,29.5,8.5
laboratory,0,NULL,30_9,grid,29.5,8.5,30.5,8.5,30.5,9.5,29.5,9.5
laboratory,0,NULL,30_10,grid,29.5,9.5,30.5,9.5,30.5,10.5,29.5,10.5
laboratory,0,NULL,30_11,grid,29.5,10.5,30.5,10.5,30.5,11.5,29.5,11.5
laboratory,0,NULL,30_12,grid,29.5,11.5,30.5,11.5,30.5,12.5,29.5,12.5
laboratory,0,NULL,30_13,grid,29.5,12.5,30.5,12.5,30.5,13.5,29.5,13.5
laboratory,0,NULL,30_14,grid,29.5,13.5,30.5,13.5,30.5,14.5,29.5,14.5
laboratory,0,NULL,30_15,grid,29.5,14.5,30.5,14.5,30.5,15.5,29.5,15.5
laboratory,0,NULL,30_16,grid,29.5,15.5,30.5,15.5,30.5,16.5,29.5,16.5
laboratory,0,NULL,30_17,grid,29.5,16.5,30.5,16.5,30.5,17.5,29.5,17.5
laboratory,0,NULL,30_18,grid,29.5,17.5,30.5,17.5,30.5,18.5,29.5,18.5
laboratory,0,NULL,30_19,grid,29.5,18.5,30.5,18.5,30.5,19.5,29.5,19.5
laboratory,0,NULL,30_20,grid,29.5,19.5,30.5,19.5,30.5,20.5,29.5,20.5
laboratory,0,NULL,31_0,grid,30.5,-0.5,31.5,-0.5,31.5,0.5,30.5,0.5
laboratory,0,NULL,31_1,grid,30.5,0.5,31.5,0.5,31.5,1.5,30.5,1.5
laboratory,0,NULL,31_2,grid,30.5,1.5,31.5,1.5,31.5,2.5,30.5,2.5
laboratory,0,NULL,31_3,grid,30.5,2.5,31.5,2.5,31.5,3.5,30.5,3.5
laboratory,0,NULL,31_4,grid,30.5,3.5,31.5,3.5,31.5,4.5,30.5,4.5
laboratory,0,NULL,31_5,grid,30.5,4.5,31.5,4.5,31.5,5.5,30.5,5.5
laboratory,0,NULL,31_6,grid,30.5,5.5,31.5,5.5,31.5,6.5,30.5,6.5
laboratory,0,NULL,31_7,grid,30.5,6.5,31.5,6.5,31.5,7.5,30.5,7.5
laboratory,0,NULL,31_8,grid,30.5,7.5,31.5,7.5,31.5,8.5,30.5,8.5
laboratory,0,NULL,31_9,grid,30.5,8.5,31.5,8.5,31.5,9.5,30.5,9.5
laboratory,0,NULL,31_10,grid,30.5,9.5,31.5,9.5,31.5,10.5,30.5,10.5
laboratory,0,NULL,31_11,grid,30.5,10.5,31.5,10.5,31.5,11.5,30.5,11.5
laboratory,0,NULL,31_12,grid,30.5,11.5,31.5,11.5,31.5,12.5,30.5,12.5
laboratory,0,NULL,31_13,grid,30.5,12.5,31.5,12.5,31.5,13.5,30.5,13.5
laboratory,0,NULL,31_14,grid,30.5,13.5,31.5,13.5,31.5,14.5,30.5,14.5
laboratory,0,NULL,31_15,grid,30.5,14.5,31.5,14.5,31.5,15.5,30.5,15.5
laboratory,0,NULL,31_16,grid,30.5,15.5,31.5,15.5,31.5,16.5,30.5,16.5
laboratory,0,NULL,31_17,grid,30.5,16.5,31.5,16.5,31.5,17.5,30.5,17.5
laboratory,0,NULL,31_18,grid,30.5,17.5,31.5,17.5,31.5,18.5,30.5,18.5
laboratory,0,NULL,31_19,grid,30.5,18.5,31.5,18.5,31.5,19.5,30.5,19.5
laboratory,0,NULL,31_20,grid,30.5,19.5,31.5,19.5,31.5,20.5,30.5,20.5
laboratory,0,NULL,32_0,grid,31.5,-0.5,32.5,-0.5,32.5,0.5,31.5,0.5
laboratory,0,NULL,32_1,grid,31.5,0.5,32.5,0.5,32.5,1.5,31.5,1.5
laboratory,0,NULL,32_2,grid,31.5,1.5,32.5,1.5,32.5,2.5,31.5,2.5
laboratory,0,NULL,32_3,grid,31.5,2.5,32.5,2.5,32.5,3.5,31.5,3.5
laboratory,0,NULL,32_4,grid,31.5,3.5,32.5,3.5,32.5,4.5,31.5,4.5
laboratory,0,NULL,32_5,grid,31.5,4.5,32.5,4.5,32.5,5.5,31.5,5.5
laboratory,0,NULL,32_6,grid,31.5,5.5,32.5,5.5,32.5,6.5,31.5,6.5
laboratory,0,NULL,32_7,grid,31.5,6.5,32.5,6.5,32.5,7.5,31.5,7.5
laboratory,0,NULL,32_8,grid,31.5,7.5,32.5,7.5,32.5,8.5,31.5,8.5
laboratory,0,NULL,32_9,grid,31.5,8.5,32.5,8.5,32.5,9.5,31.5,9.5
laboratory,0,NULL,32_10,grid,31.5,9.5,32.5,9.5,32.5,10.5,31.5,10.5
laboratory,0,NULL,32_11,grid,31.5,10.5,32.5,10.5,32.5,11.5,31.5,11.5
laboratory,0,NULL,32_12,grid,31.5,11.5,32.5,11.5,32.5,12.5,31.5,12.5
laboratory,0,NULL,32_13,grid,31.5,12.5,32.5,12.5,32.5,13.5,31.5,13.5
laboratory,0,NULL,32_14,grid,31.5,13.5,32.5,13.5,32.5,14.5,31.5,14.5
laboratory,0,NULL,32_15,grid,31.5,14.5,32.5,14.5,32.5,15.5,31.5,15.5
laboratory,0,NULL,32_16,grid,31.5,15.5,32.5,15.5,32.5,16.5,31.5,16.5
laboratory,0,NULL,32_17,grid,31.5,16.5,32.5,16.5,32.5,17.5,31.5,17.5
laboratory,0,NULL,32_18,grid,31.5,17.5,32.5,17.5,32.5,18.5,31.5,18.5
laboratory,0,NULL,32_19,grid,31.5,18.5,32.5,18.5,32.5,19.5,31.5,19.5
laboratory,0,NULL,32_20,grid,31.5,19.5,32.5,19.5,32.5,20.5,31.5,20.5
laboratory,0,NULL,33_0,grid,32.5,-0.5,33.5,-0.5,33.5,0.5,32.5,0.5
laboratory,0,NULL,33_1,grid,32.5,0.5,33.5,0.5,33.5,1.5,32.5,1.5
laboratory,0,NULL,33_2,grid,32.5,1.5,33.5,1.5,33.5,2.5,32.5,2.5
laboratory,0,NULL,33_3,grid,32.5,2.5,33.5,2.5,33.5,3.5,32.5,3.5
laboratory,0,NULL,33_4,grid,32.5,3.5,33.5,3.5,33.5,4.5,32.5,4.5
laboratory,0,NULL,33_5,grid,32.5,4.5,33.5,4.5,33.5,5.5,32.5,5.5
laboratory,0,NULL,33_6,grid,32.5,5.5,33.5,5.5,33.5,6.5,32.5,6.5
laboratory,0,NULL,33_7,grid,32.5,6.5,33.5,6.5,33.5,7.5,32.5,7.5
laboratory,0,NULL,33_8,grid,32.5,7.5,33.5,7.5,33.5,8.5,32.5,8.5
laboratory,0,NULL,33_9,grid,32.5,8.5,33.5,8.5,33.5,9.5,32.5,9.5
laboratory,0,NULL,33_10,grid,32.5,9.5,33.5,9.5,33.5,10.5,32.5,10.5
laboratory,0,NULL,33_11,grid,32.5,10.5,33.5,10.5,33.5,11.5,32.5,11.5
laboratory,0,NULL,33_12,grid,32.5,11.5,33.5,11.5,33.5,12.5,32.5,12.5
laboratory,0,NULL,33_13,grid,32.5,12.5,33.5,12.5,33.5,13.5,32.5,13.5
laboratory,0,NULL,33_14,grid,32.5,13.5,33.5,13.5,33.5,14.5,32.5,14.5
laboratory,0,NULL,33_15,grid,32.5,14.5,33.5,14.5,33.5,15.5,32.5,15.5
laboratory,0,NULL,33_16,grid,32.5,15.5,33.5,15.5,33.5,16.5,32.5,16.5
laboratory,0,NULL,33_17,grid,32.5,16.5,33.5,16.5,33.5,17.5,32.5,17.5
laboratory,0,NULL,33_18,grid,32.5,17.5,33.5,17.5,33.5,18.5,32.5,18.5
laboratory,0,NULL,33_19,grid,32.5,18.5,33.5,18.5,33.5,19.5,32.5,19.5
laboratory,0,NULL,33_20,grid,32.5,19.5,33.5,19.5,33.5,20.5,32.5,20.5
laboratory,0,NULL,34_0,grid,33.5,-0.5,34.5,-0.5,34.5,0.5,33.5,0.5
laboratory,0,NULL,34_1,grid,33.5,0.5,34.5,0.5,34.5,1.5,33.5,1.5
laboratory,0,NULL,34_2,grid,33.5,1.5,34.5,1.5,34.5,2.5,33.5,2.5
laboratory,0,NULL,34_3,grid,33.5,2.5,34.5,2.5,34.5,3.5,33.5,3.5
laboratory,0,NULL,34_4,grid,33.5,3.5,34.5,3.5,34.5,4.5,33.5,4.5
laboratory,0,NULL,34_5,grid,33.5,4.5,34.5,4.5,34.5,5.5,33.5,5.5
laboratory,0,NULL,34_6,grid,33.5,5.5,34.5,5.5,34.5,6.5,33.5,6.5
laboratory,0,NULL,34_7,grid,33.5,6.5,34.5,6.5,34.5,7.5,33.5,7.5
laboratory,0,NULL,34_8,grid,33.5,7.5,34.5,7.5,34.5,8.5,33.5,8.5
laboratory,0,NULL,34_9,grid,33.5,8.5,34.5,8.5,34.5,9.5,33.5,9.5
laboratory,0,NULL,34_10,grid,33.5,9.5,34.5,9.5,34.5,10.5,33.5,10.5
laboratory,0,NULL,34_11,grid,33.5,10.5,34.5,10.5,34.5,11.5,33.5,11.5
laboratory,0,NULL,34_12,grid,33.5,11.5,34.5,11.5,34.5,12.5,33.5,12.5
laboratory,0,NULL,34_13,grid,33.5,12.5,34.5,12.5,34.5,13.5,33.5,13.5
laboratory,0,NULL,34_14,grid,33.5,13.5,34.5,13.5,34.5,14.5,33.5,14.5
laboratory,0,NULL,34_15,grid,33.5,14.5,34.5,14.5,34.5,15.5,33.5,15.5
laboratory,0,NULL,34_16,grid,33.5,15.5,34.5,15.5,34.5,16.5,33.5,16.5
laboratory,0,NULL,34_17,grid,33.5,16.5,34.5,16.5,34.5,17.5,33.5,17.5
laboratory,0,NULL,34_18,grid,33.5,17.5,34.5,17.5,34.5,18.5,33.5,18.5
laboratory,0,NULL,34_19,grid,33.5,18.5,34.5,18.5,34.5,19.5,33.5,19.5
laboratory,0,NULL,34_20,grid,33.5,19.5,34.5,19.5,34.5,20.5,33.5,20.5
laboratory,0,NULL,35_0,grid,34.5,-0.5,35.5,-0.5,35.5,0.5,34.5,0.5
laboratory,0,NULL,35_1,grid,34.5,0.5,35.5,0.5,35.5,1.5,34.5,1.5
laboratory,0,NULL,35_2,grid,34.5,1.5,35.5,1.5,35.5,2.5,34.5,2.5
laboratory,0,NULL,35_3,grid,34.5,2.5,35.5,2.5,35.5,3.5,34.5,3.5
laboratory,0,NULL,35_4,grid,34.5,3.5,35.5,3.5,35.5,4.5,34.5,4.5
laboratory,0,NULL,35_5,grid,34.5,4.5,35.5,4.5,35.5,5.5,34.5,5.5
laboratory,0,NULL,35_6,grid,34.5,5.5,35.5,5.5,35.5,6.5,34.5,6.5
laboratory,0,NULL,35_7,grid,34.5,6.5,35.5,6.5,35.5,7.5,34.5,7.5
laboratory,0,NULL,35_8,grid,34.5,7.5,35.5,7.5,35.5,8.5,34.5,8.5
laboratory,0,NULL,35_9,grid,34.5,8.5,35.5,8.5,35.5,9.5,34.5,9.5
laboratory,0,NULL,35_10,grid,34.5,9.5,35.5,9.5,35.5,10.5,34.5,10.5
laboratory,0,NULL,35_11,grid,34.5,10.5,35.5,10.5,35.5,11.5,34.5,11.5
laboratory,0,NULL,35_12,grid,34.5,11.5,35.5,11.5,35.5,12.5,34.5,12.5
laboratory,0,NULL,35_13,grid,34.5,12.5,35.5,12.5,35.5,13.5,34.5,13.5
laboratory,0,NULL,35_14,grid,34.5,13.5,35.5,13.5,35.5,14.5,34.5,14.5
laboratory,0,NULL,35_15,grid,34.5,14.5,35.5,14.5,35.5,15.5,34.5,15.5
laboratory,0,NULL,35_16,grid,34.5,15.5,35.5,15.5,35.5,16.5,34.5,16.5
laboratory,0,NULL,35_17,grid,34.5,16.5,35.5,16.5,35.5,17.5,34.5,17.5
laboratory,0,NULL,35_18,grid,34.5,17.5,35.5,17.5,35.5,18.5,34.5,18.5
laboratory,0,NULL,35_19,grid,34.5,18.5,35.5,18.5,35.5,19.5,34.5,19.5
laboratory,0,NULL,35_20,grid,34.5,19.5,35.5,19.5,35.5,20.5,34.5,20.5
laboratory,0,NULL,36_0,grid,35.5,-0.5,36.5,-0.5,36.5,0.5,35.5,0.5
laboratory,0,NULL,36_1,grid,35.5,0.5,36.5,0.5,36.5,1.5,35.5,1.5
laboratory,0,NULL,36_2,grid,35.5,1.5,36.5,1.5,36.5,2.5,35.5,2.5
laboratory,0,NULL,36_3,grid,35.5,2.5,36.5,2.5,36.5,3.5,35.5,3.5
laboratory,0,NULL,36_4,grid,35.5,3.5,36.5,3.5,36.5,4.5,35.5,4.5
laboratory,0,NULL,36_5,grid,35.5,4.5,36.5,4.5,36.5,5.5,35.5,5.5
laboratory,0,NULL,36_6,grid,35.5,5.5,36.5,5.5,36.5,6.5,35.5,6.5
laboratory,0,NULL,36_7,grid,35.5,6.5,36.5,6.5,36.5,7.5,35.5,7.5
laboratory,0,NULL,36_8,grid,35.5,7.5,36.5,7.5,36.5,8.5,35.5,8.5
laboratory,0,NULL,36_9,grid,35.5,8.5,36.5,8.5,36.5,9.5,35.5,9.5
laboratory,0,NULL,36_10,grid,35.5,9.5,36.5,9.5,36.5,10.5,35.5,10.5
laboratory,0,NULL,36_11,grid,35.5,10.5,36.5,10.5,36.5,11.5,35.5,11.5
laboratory,0,NULL,36_12,grid,35.5,11.5,36.5,11.5,36.5,12.5,35.5,12.5
laboratory,0,NULL,36_13,grid,35.5,12.5,36.5,12.5,36.5,13.5,35.5,13.5
laboratory,0,NULL,36_14,grid,35.5,13.5,36.5,13.5,36.5,14.5,35.5,14.5
laboratory,0,NULL,36_15,grid,35.5,14.5,36.5,14.5,36.5,15.5,35.5,15.5
laboratory,0,NULL,36_16,grid,35.5,15.5,36.5,15.5,36.5,16.5,35.5,16.5
laboratory,0,NULL,36_17,grid,35.5,16.5,36.5,16.5,36.5,17.5,35.5,17.5
laboratory,0,NULL,36_18,grid,35.5,17.5,36.5,17.5,36.5,18.5,35.5,18.5
laboratory,0,NULL,36_19,grid,35.5,18.5,36.5,18.5,36.5,19.5,35.5,19.5
laboratory,0,NULL,36_20,grid,35.5,19.5,36.5,19.5,36.5,20.5,35.5,20.5
laboratory,0,NULL,37_0,grid,36.5,-0.5,37.5,-0.5,37.5,0.5,36.5,0.5
laboratory,0,NULL,37_1,grid,36.5,0.5,37.5,0.5,37.5,1.5,36.5,1.5
laboratory,0,NULL,37_2,grid,36.5,1.5,37.5,1.5,37.5,2.5,36.5,2.5
laboratory,0,NULL,37_3,grid,36.5,2.5,37.5,2.5,37.5,3.5,36.5,3.5
laboratory,0,NULL,37_4,grid,36.5,3.5,37.5,3.5,37.5,4.5,36.5,4.5
laboratory,0,NULL,37_5,grid,36.5,4.5,37.5,4.5,37.5,5.5,36.5,5.5
laboratory,0,NULL,37_6,grid,36.5,5.5,37.5,5.5,37.5,6.5,36.5,6.5
laboratory,0,NULL,37_7,grid,36.5,6.5,37.5,6.5,37.5,7.5,36.5,7.5
laboratory,0,NULL,37_8,grid,36.5,7.5,37.5,7.5,37.5,8.5,36.5,8.5
laboratory,0,NULL,37_9,grid,36.5,8.5,37.5,8.5,37.5,9.5,36.5,9.5
laboratory,0,NULL,37_10,grid,36.5,9.5,37.5,9.5,37.5,10.5,36.5,10.5
laboratory,0,NULL,37_11,grid,36.5,10.5,37.5,10.5,37.5,11.5,36.5,11.5
laboratory,0,NULL,37_12,grid,36.5,11.5,37.5,11.5,37.5,12.5,36.5,12.5
laboratory,0,NULL,37_13,grid,36.5,12.5,37.5,12.5,37.5,13.5,36.5,13.5
laboratory,0,NULL,37_14,grid,36.5,13.5,37.5,13.5,37.5,14.5,36.5,14.5
laboratory,0,NULL,37_15,grid,36.5,14.5,37.5,14.5,37.5,15.5,36.5,15.5
laboratory,0,NULL,37_16,grid,36.5,15.5,37.5,15.5,37.5,16.5,36.5,16.5
laboratory,0,NULL,37_17,grid,36.5,16.5,37.5,16.5,37.5,17.5,36.5,17.5
laboratory,0,NULL,37_18,grid,36.5,17.5,37.5,17.5,37.5,18.5,36.5,18.5
laboratory,0,NULL,37_19,grid,36.5,18.5,37.5,18.5,37.5,19.5,36.5,19.5
laboratory,0,NULL,37_20,grid,36.5,19.5,37.5,19.5,37.5,20.5,36.5,20.5
laboratory,0,NULL,38_0,grid,37.5,-0.5,38.5,-0.5,38.5,0.5,37.5,0.5
laboratory,0,NULL,38_1,grid,37.5,0.5,38.5,0.5,38.5,1.5,37.5,1.5
laboratory,0,NULL,38_2,grid,37.5,1.5,38.5,1.5,38.5,2.5,37.5,2.5
laboratory,0,NULL,38_3,grid,37.5,2.5,38.5,2.5,38.5,3.5,37.5,3.5
laboratory,0,NULL,38_4,grid,37.5,3.5,38.5,3.5,38.5,4.5,37.5,4.5
laboratory,0,NULL,38_5,grid,37.5,4.5,38.5,4.5,38.5,5.5,37.5,5.5
laboratory,0,NULL,38_6,grid,37.5,5.5,38.5,5.5,38.5,6.5,37.5,6.5
laboratory,0,NULL,38_7,grid,37.5,6.5,38.5,6.5,38.5,7.5,37.5,7.5
laboratory,0,NULL,38_8,grid,37.5,7.5,38.5,7.5,38.5,8.5,37.5,8.5
laboratory,0,NULL,38_9,grid,37.5,8.5,38.5,8.5,38.5,9.5,37.5,9.5
laboratory,0,NULL,38_10,grid,37.5,9.5,38.5,9.5,38.5,10.5,37.5,10.5
laboratory,0,NULL,38_11,grid,37.5,10.5,38.5,10.5,38.5,11.5,37.5,11.5
laboratory,0,NULL,38_12,grid,37.5,11.5,38.5,11.5,38.5,12.5,37.5,12.5
laboratory,0,NULL,38_13,grid,37.5,12.5,38.5,12.5,38.5,13.5,37.5,13.5
laboratory,0,NULL,38_14,grid,37.5,13.5,38.5,13.5,38.5,14.5,37.5,14.5
laboratory,0,NULL,38_15,grid,37.5,14.5,38.5,14.5,38.5,15.5,37.5,15.5
laboratory,0,NULL,38_16,grid,37.5,15.5,38.5,15.5,38.5,16.5,37.5,16.5
laboratory,0,NULL,38_17,grid,37.5,16.5,38.5,16.5,38.5,17.5,37.5,17.5
laboratory,0,NULL,38_18,grid,37.5,17.5,38.5,17.5,38.5,18.5,37.5,18.5
laboratory,0,NULL,38_19,grid,37.5,18.5,38.5,18.5,38.5,19.5,37.5,19.5
laboratory,0,NULL,38_20,grid,37.5,19.5,38.5,19.5,38.5,20.5,37.5,20.5
laboratory,0,NULL,39_0,grid,38.5,-0.5,39.5,-0.5,39.5,0.5,38.5,0.5
laboratory,0,NULL,39_1,grid,38.5,0.5,39.5,0.5,39.5,1.5,38.5,1.5
laboratory,0,NULL,39_2,grid,38.5,1.5,39.5,1.5,39.5,2.5,38.5,2.5
laboratory,0,NULL,39_3,grid,38.5,2.5,39.5,2.5,39.5,3.5,38.5,3.5
laboratory,0,NULL,39_4,grid,38.5,3.5,39.5,3.5,39.5,4.5,38.5,4.5
laboratory,0,NULL,39_5,grid,38.5,4.5,39.5,4.5,39.5,5.5,38.5,5.5
laboratory,0,NULL,39_6,grid,38.5,5.5,39.5,5.5,39.5,6.5,38.5,6.5
laboratory,0,NULL,39_7,grid,38.5,6.5,39.5,6.5,39.5,7.5,38.5,7.5
laboratory,0,NULL,39_8,grid,38.5,7.5,39.5,7.5,39.5,8.5,38.5,8.5
laboratory,0,NULL,39_9,grid,38.5,8.5,39.5,8.5,39.5,9.5,38.5,9.5
laboratory,0,NULL,39_10,grid,38.5,9.5,39.5,9.5,39.5,10.5,38.5,10.5
laboratory,0,NULL,39_11,grid,38.5,10.5,39.5,10.5,39.5,11.5,38.5,11.5
laboratory,0,NULL,39_12,grid,38.5,11.5,39.5,11.5,39.5,12.5,38.5,12.5
laboratory,0,NULL,39_13,grid,38.5,12.5,39.5,12.5,39.5,13.5,38.5,13.5
laboratory,0,NULL,39_14,grid,38.5,13.5,39.5,13.5,39.5,14.5,38.5,14.5
laboratory,0,NULL,39_15,grid,38.5,14.5,39.5,14.5,39.5,15.5,38.5,15.5
laboratory,0,NULL,39_16,grid,38.5,15.5,39.5,15.5,39.5,16.5,38.5,16.5
laboratory,0,NULL,39_17,grid,38.5,16.5,39.5,16.5,39.5,17.5,38.5,17.5
laboratory,0,NULL,39_18,grid,38.5,17.5,39.5,17.5,39.5,18.5,38.5,18.5
laboratory,0,NULL,39_19,grid,38.5,18.5,39.5,18.5,39.5,19.5,38.5,19.5
laboratory,0,NULL,39_20,grid,38.5,19.5,39.5,19.5,39.5,20.5,38.5,20.5
laboratory,0,NULL,40_0,grid,39.5,-0.5,40.5,-0.5,40.5,0.5,39.5,0.5
laboratory,0,NULL,40_1,grid,39.5,0.5,40.5,0.5,40.5,1.5,39.5,1.5
laboratory,0,NULL,40_2,grid,39.5,1.5,40.5,1.5,40.5,2.5,39.5,2.5
laboratory,0,NULL,40_3,grid,39.5,2.5,40.5,2.5,40.5,3.5,39.5,3.5
laboratory,0,NULL,40_4,grid,39.5,3.5,40.5,3.5,40.5,4.5,39.5,4.5
laboratory,0,NULL,40_5,grid,39.5,4.5,40.5,4.5,40.5,5.5,39.5,5.5
laboratory,0,NULL,40_6,grid,39.5,5.5,40.5,5.5,40.5,6.5,39.5,6.5
laboratory,0,NULL,40_7,grid,39.5,6.5,40.5,6.5,40.5,7.5,39.5,7.5
laboratory,0,NULL,40_8,grid,39.5,7.5,40.5,7.5,40.5,8.5,39.5,8.5
laboratory,0,NULL,40_9,grid,39.5,8.5,40.5,8.5,40.5,9.5,39.5,9.5
laboratory,0,NULL,40_10,grid,39.5,9.5,40.5,9.5,40.5,10.5,39.5,10.5
laboratory,0,NULL,40_11,grid,39.5,10.5,40.5,10.5,40.5,11.5,39.5,11.5
laboratory,0,NULL,40_12,grid,39.5,11.5,40.5,11.5,40.5,12.5,39.5,12.5
laboratory,0,NULL,40_13,grid,39.5,12.5,40.5,12.5,40.5,13.5,39.5,13.5
laboratory,0,NULL,40_14,grid,39.5,13.5,40.5,13.5,40.5,14.5,39.5,14.5
laboratory,0,NULL,40_15,grid,39.5,14.5,40.5,14.5,40.5,15.5,39.5,15.5
laboratory,0,NULL,40_16,grid,39.5,15.5,40.5,15.5,40.5,16.5,39.5,16.5
laboratory,0,NULL,40_17,grid,39.5,16.5,40.5,16.5,40.5,17.5,39.5,17.5
laboratory,0,NULL,40_18,grid,39.5,17.5,40.5,17.5,40.5,18.5,39.5,18.5
laboratory,0,NULL,40_19,grid,39.5,18.5,40.5,18.5,40.5,19.5,39.5,19.5
laboratory,0,NULL,40_20,grid,39.5,19.5,40.5,19.5,40.5,20.5,39.5,20.5
laboratory,0,NULL,41_0,grid,40.5,-0.5,41.5,-0.5,41.5,0.5,40.5,0.5
laboratory,0,NULL,41_1,grid,40.5,0.5,41.5,0.5,41.5,1.5,40.5,1.5
laboratory,0,NULL,41_2,grid,40.5,1.5,41.5,1.5,41.5,2.5,40.5,2.5
laboratory,0,NULL,41_3,grid,40.5,2.5,41.5,2.5,41.5,3.5,40.5,3.5
laboratory,0,NULL,41_4,grid,40.5,3.5,41.5,3.5,41.5,4.5,40.5,4.5
laboratory,0,NULL,41_5,grid,40.5,4.5,41.5,4.5,41.5,5.5,40.5,5.5
laboratory,0,NULL,41_6,grid,40.5,5.5,41.5,5.5,41.5,6.5,40.5,6.5
laboratory,0,NULL,41_7,grid,40.5,6.5,41.5,6.5,41.5,7.5,40.5,7.5
laboratory,0,NULL,41_8,grid,40.5,7.5,41.5,7.5,41.5,8.5,40.5,8.5
laboratory,0,NULL,41_9,grid,40.5,8.5,41.5,8.5,41.5,9.5,40.5,9.5
laboratory,0,NULL,41_10,grid,40.5,9.5,41.5,9.5,41.5,10.5,40.5,10.5
laboratory,0,NULL,41_11,grid,40.5,10.5,41.5,10.5,41.5,11.5,40.5,11.5
laboratory,0,NULL,41_12,grid,40.5,11.5,41.5,11.5,41.5,12.5,40.5,12.5
laboratory,0,NULL,41_13,grid,40.5,12.5,41.5,12.5,41.5,13.5,40.5,13.5
laboratory,0,NULL,41_14,grid,40.5,13.5,41.5,13.5,41.5,14.5,40.5,14.5
laboratory,0,NULL,41_15,grid,40.5,14.5,41.5,14.5,41.5,15.5,40.5,15.5
laboratory,0,NULL,41_16,grid,40.5,15.5,41.5,15.5,41.5,16.5,40.5,16.5
laboratory,0,NULL,41_17,grid,40.5,16.5,41.5,16.5,41.5,17.5,40.5,17.5
laboratory,0,NULL,41_18,grid,40.5,17.5,41.5,17.5,41.5,18.5,40.5,18.5
laboratory,0,NULL,41_19,grid,40.5,18.5,41.5,18.5,41.5,19.5,40.5,19.5
laboratory,0,NULL,41_20,grid,40.5,19.5,41.5,19.5,41.5,20.5,40.5,20.5
laboratory,0,NULL,42_0,grid,41.5,-0.5,42.5,-0.5,42.5,0.5,41.5,0.5
laboratory,0,NULL,42_1,grid,41.5,0.5,42.5,0.5,42.5,1.5,41.5,1.5
laboratory,0,NULL,42_2,grid,41.5,1.5,42.5,1.5,42.5,2.5,41.5,2.5
laboratory,0,NULL,42_3,grid,41.5,2.5,42.5,2.5,42.5,3.5,41.5,3.5
laboratory,0,NULL,42_4,grid,41.5,3.5,42.5,3.5,42.5,4.5,41.5,4.5
laboratory,0,NULL,42_5,grid,41.5,4.5,42.5,4.5,42.5,5.5,41.5,5.5
laboratory,0,NULL,42_6,grid,41.5,5.5,42.5,5.5,42.5,6.5,41.5,6.5
laboratory,0,NULL,42_7,grid,41.5,6.5,42.5,6.5,42.5,7.5,41.5,7.5
laboratory,0,NULL,42_8,grid,41.5,7.5,42.5,7.5,42.5,8.5,41.5,8.5
laboratory,0,NULL,42_9,grid,41.5,8.5,42.5,8.5,42.5,9.5,41.5,9.5
laboratory,0,NULL,42_10,grid,41.5,9.5,42.5,9.5,42.5,10.5,41.5,10.5
laboratory,0,NULL,42_11,grid,41.5,10.5,42.5,10.5,42.5,11.5,41.5,11.5
laboratory,0,NULL,42_12,grid,41.5,11.5,42.5,11.5,42.5,12.5,41.5,12.5
laboratory,0,NULL,42_13,grid,41.5,12.5,42.5,12.5,42.5,13.5,41.5,13.5
laboratory,0,NULL,42_14,grid,41.5,13.5,42.5,13.5,42.5,14.5,41.5,14.5
laboratory,0,NULL,42_15,grid,41.5,14.5,42.5,14.5,42.5,15.5,41.5,15.5
laboratory,0,NULL,42_16,grid,41.5,15.5,42.5,15.5,42.5,16.5,41.5,16.5
laboratory,0,NULL,42_17,grid,41.5,16.5,42.5,16.5,42.5,17.5,41.5,17.5
laboratory,0,NULL,42_18,grid,41.5,17.5,42.5,17.5,42.5,18.5,41.5,18.5
laboratory,0,NULL,42_19,grid,41.5,18.5,42.5,18.5,42.5,19.5,41.5,19.5
laboratory,0,NULL,42_20,grid,41.5,19.5,42.5,19.5,42.5,20.5,41.5,20.5
laboratory,0,NULL,43_0,grid,42.5,-0.5,43.5,-0.5,43.5,0.5,42.5,0.5
laboratory,0,NULL,43_1,grid,42.5,0.5,43.5,0.5,43.5,1.5,42.5,1.5
laboratory,0,NULL,43_2,grid,42.5,1.5,43.5,1.5,43.5,2.5,42.5,2.5
laboratory,0,NULL,43_3,grid,42.5,2.5,43.5,2.5,43.5,3.5,42.5,3.5
laboratory,0,NULL,43_4,grid,42.5,3.5,43.5,3.5,43.5,4.5,42.5,4.5
laboratory,0,NULL,43_5,grid,42.5,4.5,43.5,4.5,43.5,5.5,42.5,5.5
laboratory,0,NULL,43_6,grid,42.5,5.5,43.5,5.5,43.5,6.5,42.5,6.5
laboratory,0,NULL,43_7,grid,42.5,6.5,43.5,6.5,43.5,7.5,42.5,7.5
laboratory,0,NULL,43_8,grid,42.5,7.5,43.5,7.5,43.5,8.5,42.5,8.5
laboratory,0,NULL,43_9,grid,42.5,8.5,43.5,8.5,43.5,9.5,42.5,9.5
laboratory,0,NULL,43_10,grid,42.5,9.5,43.5,9.5,43.5,10.5,42.5,10.5
laboratory,0,NULL,43_11,grid,42.5,10.5,43.5,10.5,43.5,11.5,42.5,11.5
laboratory,0,NULL,43_12,grid,42.5,11.5,43.5,11.5,43.5,12.5,42.5,12.5
laboratory,0,NULL,43_13,grid,42.5,12.5,43.5,12.5,43.5,13.5,42.5,13.5
laboratory,0,NULL,43_14,grid,42.5,13.5,43.5,13.5,43.5,14.5,42.5,14.5
laboratory,0,NULL,43_15,grid,42.5,14.5,43.5,14.5,43.5,15.5,42.5,15.5
laboratory,0,NULL,43_16,grid,42.5,15.5,43.5,15.5,43.5,16.5,42.5,16.5
laboratory,0,NULL,43_17,grid,42.5,16.5,43.5,16.5,43.5,17.5,42.5,17.5
laboratory,0,NULL,43_18,grid,42.5,17.5,43.5,17.5,43.5,18.5,42.5,18.5
laboratory,0,NULL,43_19,grid,42.5,18.5,43.5,18.5,43.5,19.5,42.5,19.5
laboratory,0,NULL,43_20,grid,42.5,19.5,43.5,19.5,43.5,20.5,42.5,20.5
laboratory,0,NULL,44_0,grid,43.5,-0.5,44.5,-0.5,44.5,0.5,43.5,0.5
laboratory,0,NULL,44_1,grid,43.5,0.5,44.5,0.5,44.5,1.5,43.5,1.5
laboratory,0,NULL,44_2,grid,43.5,1.5,44.5,1.5,44.5,2.5,43.5,2.5
laboratory,0,NULL,44_3,grid,43.5,2.5,44.5,2.5,44.5,3.5,43.5,3.5
laboratory,0,NULL,44_4,grid,43.5,3.5,44.5,3.5,44.5,4.5,43.5,4.5
laboratory,0,NULL,44_5,grid,43.5,4.5,44.5,4.5,44.5,5.5,43.5,5.5
laboratory,0,NULL,44_6,grid,43.5,5.5,44.5,5.5,44.5,6.5,43.5,6.5
laboratory,0,NULL,44_7,grid,43.5,6.5,44.5,6.5,44.5,7.5,43.5,7.5
laboratory,0,NULL,44_8,grid,43.5,7.5,44.5,7.5,44.5,8.5,43.5,8.5
laboratory,0,NULL,44_9,grid,43.5,8.5,44.5,8.5,44.5,9.5,43.5,9.5
laboratory,0,NULL,44_10,grid,43.5,9.5,44.5,9.5,44.5,10.5,43.5,10.5
laboratory,0,NULL,44_11,grid,43.5,10.5,44.5,10.5,44.5,11.5,43.5,11.5
laboratory,0,NULL,44_12,grid,43.5,11.5,44.5,11.5,44.5,12.5,43.5,12.5
laboratory,0,NULL,44_13,grid,43.5,12.5,44.5,12.5,44.5,13.5,43.5,13.5
laboratory,0,NULL,44_14,grid,43.5,13.5,44.5,13.5,44.5,14.5,43.5,14.5
laboratory,0,NULL,44_15,grid,43.5,14.5,44.5,14.5,44.5,15.5,43.5,15.5
laboratory,0,NULL,44_16,grid,43.5,15.5,44.5,15.5,44.5,16.5,43.5,16.5
laboratory,0,NULL,44_17,grid,43.5,16.5,44.5,16.5,44.5,17.5,43.5,17.5
laboratory,0,NULL,44_18,grid,43.5,17.5,44.5,17.5,44.5,18.5,43.5,18.5
laboratory,0,NULL,44_19,grid,43.5,18.5,44.5,18.5,44.5,19.5,43.5,19.5
laboratory,0,NULL,44_20,grid,43.5,19.5,44.5,19.5,44.5,20.5,43.5,20.5
laboratory,0,NULL,45_0,grid,44.5,-0.5,45.5,-0.5,45.5,0.5,44.5,0.5
laboratory,0,NULL,45_1,grid,44.5,0.5,45.5,0.5,45.5,1.5,44.5,1.5
laboratory,0,NULL,45_2,grid,44.5,1.5,45.5,1.5,45.5,2.5,44.5,2.5
laboratory,0,NULL,45_3,grid,44.5,2.5,45.5,2.5,45.5,3.5,44.5,3.5
laboratory,0,NULL,45_4,grid,44.5,3.5,45.5,3.5,45.5,4.5,44.5,4.5
laboratory,0,NULL,45_5,grid,44.5,4.5,45.5,4.5,45.5,5.5,44.5,5.5
laboratory,0,NULL,45_6,grid,44.5,5.5,45.5,5.5,45.5,6.5,44.5,6.5
laboratory,0,NULL,45_7,grid,44.5,6.5,45.5,6.5,45.5,7.5,44.5,7.5
laboratory,0,NULL,45_8,grid,44.5,7.5,45.5,7.5,45.5,8.5,44.5,8.5
laboratory,0,NULL,45_9,grid,44.5,8.5,45.5,8.5,45.5,9.5,44.5,9.5
laboratory,0,NULL,45_10,grid,44.5,9.5,45.5,9.5,45.5,10.5,44.5,10.5
laboratory,0,NULL,45_11,grid,44.5,10.5,45.5,10.5,45.5,11.5,44.5,11.5
laboratory,0,NULL,45_12,grid,44.5,11.5,45.5,11.5,45.5,12.5,44.5,12.5
laboratory,0,NULL,45_13,grid,44.5,12.5,45.5,12.5,45.5,13.5,44.5,13.5
laboratory,0,NULL,45_14,grid,44.5,13.5,45.5,13.5,45.5,14.5,44.5,14.5
laboratory,0,NULL,45_15,grid,44.5,14.5,45.5,14.5,45.5,15.5,44.5,15.5
laboratory,0,NULL,45_16,grid,44.5,15.5,45.5,15.5,45.5,16.5,44.5,16.5
laboratory,0,NULL,45_17,grid,44.5,16.5,45.5,16.5,45.5,17.5,44.5,17.5
laboratory,0,NULL,45_18,grid,44.5,17.5,45.5,17.5,45.5,18.5,44.5,18.5
laboratory,0,NULL,45_19,grid,44.5,18.5,45.5,18.5,45.5,19.5,44.5,19.5
laboratory,0,NULL,45_20,grid,44.5,19.5,45.5,19.5,45.5,20.5,44.5,20.5
laboratory,0,NULL,46_0,grid,45.5,-0.5,46.5,-0.5,46.5,0.5,45.5,0.5
laboratory,0,NULL,46_1,grid,45.5,0.5,46.5,0.5,46.5,1.5,45.5,1.5
laboratory,0,NULL,46_2,grid,45.5,1.5,46.5,1.5,46.5,2.5,45.5,2.5
laboratory,0,NULL,46_3,grid,45.5,2.5,46.5,2.5,46.5,3.5,45.5,3.5
laboratory,0,NULL,46_4,grid,45.5,3.5,46.5,3.5,46.5,4.5,45.5,4.5
laboratory,0,NULL,46_5,grid,45.5,4.5,46.5,4.5,46.5,5.5,45.5,5.5
laboratory,0,NULL,46_6,grid,45.5,5.5,46.5,5.5,46.5,6.5,45.5,6.5
laboratory,0,NULL,46_7,grid,45.5,6.5,46.5,6.5,46.5,7.5,45.5,7.5
laboratory,0,NULL,46_8,grid,45.5,7.5,46.5,7.5,46.5,8.5,45.5,8.5
laboratory,0,NULL,46_9,grid,45.5,8.5,46.5,8.5,46.5,9.5,45.5,9.5
laboratory,0,NULL,46_10,grid,45.5,9.5,46.5,9.5,46.5,10.5,45.5,10.5
laboratory,0,NULL,46_11,grid,45.5,10.5,46.5,10.5,46.5,11.5,45.5,11.5
laboratory,0,NULL,46_12,grid,45.5,11.5,46.5,11.5,46.5,12.5,45.5,12.5
laboratory,0,NULL,46_13,grid,45.5,12.5,46.5,12.5,46.5,13.5,45.5,13.5
laboratory,0,NULL,46_14,grid,45.5,13.5,46.5,13.5,46.5,14.5,45.5,14.5
laboratory,0,NULL,46_15,grid,45.5,14.5,46.5,14.5,46.5,15.5,45.5,15.5
laboratory,0,NULL,46_16,grid,45.5,15.5,46.5,15.5,46.5,16.5,45.5,16.5
laboratory,0,NULL,46_17,grid,45.5,16.5,46.5,16.5,46.5,17.5,45.5,17.5
laboratory,0,NULL,46_18,grid,45.5,17.5,46.5,17.5,46.5,18.5,45.5,18.5
laboratory,0,NULL,46_19,grid,45.5,18.5,46.5,18.5,46.5,19.5,45.5,19.5
laboratory,0,NULL,46_20,grid,45.5,19.5,46.5,19.5,46.5,20.5,45.5,20.5
laboratory,0,NULL,47_0,grid,46.5,-0.5,47.5,-0.5,47.5,0.5,46.5,0.5
laboratory,0,NULL,47_1,grid,46.5,0.5,47.5,0.5,47.5,1.5,46.5,1.5
laboratory,0,NULL,47_2,grid,46.5,1.5,47.5,1.5,47.5,2.5,46.5,2.5
laboratory,0,NULL,47_3,grid,46.5,2.5,47.5,2.5,47.5,3.5,46.5,3.5
laboratory,0,NULL,47_4,grid,46.5,3.5,47.5,3.5,47.5,4.5,46.5,4.5
laboratory,0,NULL,47_5,grid,46.5,4.5,47.5,4.5,47.5,5.5,46.5,5.5
laboratory,0,NULL,47_6,grid,46.5,5.5,47.5,5.5,47.5,6.5,46.5,6.5
laboratory,0,NULL,47_7,grid,46.5,6.5,47.5,6.5,47.5,7.5,46.5,7.5
laboratory,0,NULL,47_8,grid,46.5,7.5,47.5,7.5,47.5,8.5,46.5,8.5
laboratory,0,NULL,47_9,grid,46.5,8.5,47.5,8.5,47.5,9.5,46.5,9.5
laboratory,0,NULL,47_10,grid,46.5,9.5,47.5,9.5,47.5,10.5,46.5,10.5
laboratory,0,NULL,47_11,grid,46.5,10.5,47.5,10.5,47.5,11.5,46.5,11.5
laboratory,0,NULL,47_12,grid,46.5,11.5,47.5,11.5,47.5,12.5,46.5,12.5
laboratory,0,NULL,47_13,grid,46.5,12.5,47.5,12.5,47.5,13.5,46.5,13.5
laboratory,0,NULL,47_14,grid,46.5,13.5,47.5,13.5,47.5,14.5,46.5,14.5
laboratory,0,NULL,47_15,grid,46.5,14.5,47.5,14.5,47.5,15.5,46.5,15.5
laboratory,0,NULL,47_16,grid,46.5,15.5,47.5,15.5,47.5,16.5,46.5,16.5
laboratory,0,NULL,47_17,grid,46.5,16.5,47.5,16.5,47.5,17.5,46.5,17.5
laboratory,0,NULL,47_18,grid,46.5,17.5,47.5,17.5,47.5,18.5,46.5,18.5
laboratory,0,NULL,47_19,grid,46.5,18.5,47.5,18.5,47.5,19.5,46.5,19.5
laboratory,0,NULL,47_20,grid,46.5,19.5,47.5,19.5,47.5,20.5,46.5,20.5
laboratory,0,NULL,48_0,grid,47.5,-0.5,48.5,-0.5,48.5,0.5,47.5,0.5
laboratory,0,NULL,48_1,grid,47.5,0.5,48.5,0.5,48.5,1.5,47.5,1.5
laboratory,0,NULL,48_2,grid,47.5,1.5,48.5,1.5,48.5,2.5,47.5,2.5
laboratory,0,NULL,48_3,grid,47.5,2.5,48.5,2.5,48.5,3.5,47.5,3.5
laboratory,0,NULL,48_4,grid,47.5,3.5,48.5,3.5,48.5,4.5,47.5,4.5
laboratory,0,NULL,48_5,grid,47.5,4.5,48.5,4.5,48.5,5.5,47.5,5.5
laboratory,0,NULL,48_6,grid,47.5,5.5,48.5,5.5,48.5,6.5,47.5,6.5
laboratory,0,NULL,48_7,grid,47.5,6.5,48.5,6.5,48.5,7.5,47.5,7.5
laboratory,0,NULL,48_8,grid,47.5,7.5,48.5,7.5,48.5,8.5,47.5,8.5
laboratory,0,NULL,48_9,grid,47.5,8.5,48.5,8.5,48.5,9.5,47.5,9.5
laboratory,0,NULL,48_10,grid,47.5,9.5,48.5,9.5,48.5,10.5,47.5,10.5
laboratory,0,NULL,48_11,grid,47.5,10.5,48.5,10.5,48.5,11.5,47.5,11.5
laboratory,0,NULL,48_12,grid,47.5,11.5,48.5,11.5,48.5,12.5,47.5,12.5
laboratory,0,NULL,48_13,grid,47.5,12.5,48.5,12.5,48.5,13.5,47.5,13.5
laboratory,0,NULL,48_14,grid,47.5,13.5,48.5,13.5,48.5,14.5,47.5,14.5
laboratory,0,NULL,48_15,grid,47.5,14.5,48.5,14.5,48.5,15.5,47.5,15.5
laboratory,0,NULL,48_16,grid,47.5,15.5,48.5,15.5,48.5,16.5,47.5,16.5
laboratory,0,NULL,48_17,grid,47.5,16.5,48.5,16.5,48.5,17.5,47.5,17.5
laboratory,0,NULL,48_18,grid,47.5,17.5,48.5,17.5,48.5,18.5,47.5,18.5
laboratory,0,NULL,48_19,grid,47.5,18.5,48.5,18.5,48.5,19.5,47.5,19.5
laboratory,0,NULL,48_20,grid,47.5,19.5,48.5,19.5,48.5,20.5,47.5,20.5
laboratory,0,NULL,49_0,grid,48.5,-0.5,49.5,-0.5,49.5,0.5,48.5,0.5
laboratory,0,NULL,49_1,grid,48.5,0.5,49.5,0.5,49.5,1.5,48.5,1.5
laboratory,0,NULL,49_2,grid,48.5,1.5,49.5,1.5,49.5,2.5,48.5,2.5
laboratory,0,NULL,49_3,grid,48.5,2.5,49.5,2.5,49.5,3.5,48.5,3.5
laboratory,0,NULL,49_4,grid,48.5,3.5,49.5,3.5,49.5,4.5,48.5,4.5
laboratory,0,NULL,49_5,grid,48.5,4.5,49.5,4.5,49.5,5.5,48.5,5.5
laboratory,0,NULL,49_6,grid,48.5,5.5,49.5,5.5,49.5,6.5,48.5,6.5
laboratory,0,NULL,49_7,grid,48.5,6.5,49.5,6.5,49.5,7.5,48.5,7.5
laboratory,0,NULL,49_8,grid,48.5,7.5,49.5,7.5,49.5,8.5,48.5,8.5
laboratory,0,NULL,49_9,grid,48.5,8.5,49.5,8.5,49.5,9.5,48.5,9.5
laboratory,0,NULL,49_10,grid,48.5,9.5,49.5,9.5,49.5,10.5,48.5,10.5
laboratory,0,NULL,49_11,grid,48.5,10.5,49.5,10.5,49.5,11.5,48.5,11.5
laboratory,0,NULL,49_12,grid,48.5,11.5,49.5,11.5,49.5,12.5,48.5,12.5
laboratory,0,NULL,49_13,grid,48.5,12.5,49.5,12.5,49.5,13.5,48.5,13.5
laboratory,0,NULL,49_14,grid,48.5,13.5,49.5,13.5,49.5,14.5,48.5,14.5
laboratory,0,NULL,49_15,grid,48.5,14.5,49.5,14.5,49.5,15.5,48.5,15.5
laboratory,0,NULL,49_16,grid,48.5,15.5,49.5,15.5,49.5,16.5,48.5,16.5
laboratory,0,NULL,49_17,grid,48.5,16.5,49.5,16.5,49.5,17.5,48.5,17.5
laboratory,0,NULL,49_18,grid,48.5,17.5,49.5,17.5,49.5,18.5,48.5,18.5
laboratory,0,NULL,49_19,grid,48.5,18.5,49.5,18.5,49.5,19.5,48.5,19.5
laboratory,0,NULL,49_20,grid,48.5,19.5,49.5,19.5,49.5,20.5,48.5,20.5
laboratory,0,NULL,50_0,grid,49.5,-0.5,50.5,-0.5,50.5,0.5,49.5,0.5
laboratory,0,NULL,50_1,grid,49.5,0.5,50.5,0.5,50.5,1.5,49.5,1.5
laboratory,0,NULL,50_2,grid,49.5,1.5,50.5,1.5,50.5,2.5,49.5,2.5
laboratory,0,NULL,50_3,grid,49.5,2.5,50.5,2.5,50.5,3.5,49.5,3.5
laboratory,0,NULL,50_4,grid,49.5,3.5,50.5,3.5,50.5,4.5,49.5,4.5
laboratory,0,NULL,50_5,grid,49.5,4.5,50.5,4.5,50.5,5.5,49.5,5.5
laboratory,0,NULL,50_6,grid,49.5,5.5,50.5,5.5,50.5,6.5,49.5,6.5
laboratory,0,NULL,50_7,grid,49.5,6.5,50.5,6.5,50.5,7.5,49.5,7.5
laboratory,0,NULL,50_8,grid,49.5,7.5,50.5,7.5,50.5,8.5,49.5,8.5
laboratory,0,NULL,50_9,grid,49.5,8.5,50.5,8.5,50.5,9.5,49.5,9.5
laboratory,0,NULL,50_10,grid,49.5,9.5,50.5,9.5,50.5,10.5,49.5,10.5
laboratory,0,NULL,50_11,grid,49.5,10.5,50.5,10.5,50.5,11.5,49.5,11.5
laboratory,0,NULL,50_12,grid,49.5,11.5,50.5,11.5,50.5,12.5,49.5,12.5
laboratory,0,NULL,50_13,grid,49.5,12.5,50.5,12.5,50.5,13.5,49.5,13.5
laboratory,0,NULL,50_14,grid,49.5,13.5,50.5,13.5,50.5,14.5,49.5,14.5
laboratory,0,NULL,50_15,grid,49.5,14.5,50.5,14.5,50.5,15.5,49.5,15.5
laboratory,0,NULL,50_16,grid,49.5,15.5,50.5,15.5,50.5,16.5,49.5,16.5
laboratory,0,NULL,50_17,grid,49.5,16.5,50.5,16.5,50.5,17.5,49.5,17.5
laboratory,0,NULL,50_18,grid,49.5,17.5,50.5,17.5,50.5,18.5,49.5,18.5
laboratory,0,NULL,50_19,grid,49.5,18.5,50.5,18.5,50.5,19.5,49.5,19.5
laboratory,0,NULL,50_20,grid,49.5,19.5,50.5,19.5,50.5,20.5,49.5,20.5
