tile_1_building,tile_1_floor,tile_1_site,tile_1_tile,tile_2_building,tile_2_floor,tile_2_site,tile_2_tile,walkable,cost
2,0,201_1,201_1_tile,2,0,214_1,214_1_tile,0,NULL
2,0,201_1,201_1_tile,2,0,214_2,214_2_tile,0,NULL
2,0,201_1,201_1_tile,2,0,201_2,201_2_tile,1,NULL
2,0,214_1,214_1_tile,2,0,201_1,201_1_tile,0,NULL
2,0,214_1,214_1_tile,2,0,214_2,214_2_tile,1,NULL
2,0,214_1,214_1_tile,2,0,215_2,215_2_tile,0,NULL
2,0,214_2,214_2_tile,2,0,214_1,214_1_tile,1,NULL
2,0,214_2,214_2_tile,2,0,215_2,215_2_tile,1,NULL
2,0,214_2,214_2_tile,2,0,201_1,201_1_tile,0,NULL
2,0,214_2,214_2_tile,2,0,201_2,201_2_tile,1,NULL
2,0,214_2,214_2_tile,2,0,113_2,113_2_tile,1,NULL
2,0,214_2,214_2_tile,2,0,112_2,112_2_tile,1,NULL
2,0,201_2,201_2_tile,2,0,201_1,201_1_tile,1,NULL
2,0,201_2,201_2_tile,2,0,214_2,214_2_tile,1,NULL
2,0,201_2,201_2_tile,2,0,215_2,215_2_tile,1,NULL
2,0,201_2,201_2_tile,2,0,202_2,202_2_tile,1,NULL
2,0,215_2,215_2_tile,2,0,214_2,214_2_tile,1,NULL
2,0,215_2,215_2_tile,2,0,214_1,214_1_tile,0,NULL
2,0,215_2,215_2_tile,2,0,201_2,201_2_tile,1,NULL
2,0,215_2,215_2_tile,2,0,113_2,113_2_tile,1,NULL
2,0,215_2,215_2_tile,2,0,112_2,112_2_tile,1,NULL
2,0,113_2,113_2_tile,2,0,112_1,112_1_tile,0,NULL
2,0,113_2,113_2_tile,2,0,112_2,112_2_tile,1,NULL
2,0,113_2,113_2_tile,2,0,133_2,133_2_tile,1,NULL
2,0,113_2,113_2_tile,2,0,215_2,215_2_tile,1,NULL
2,0,113_2,113_2_tile,2,0,214_2,214_2_tile,1,NULL
2,0,112_2,112_2_tile,2,0,112_1,112_1_tile,1,NULL
2,0,112_2,112_2_tile,2,0,113_2,113_2_tile,1,NULL
2,0,112_2,112_2_tile,2,0,133_2,133_2_tile,1,NULL
2,0,112_2,112_2_tile,2,0,133_1,133_1_tile,0,NULL
2,0,112_2,112_2_tile,2,0,215_2,215_2_tile,1,NULL
2,0,112_2,112_2_tile,2,0,214_2,214_2_tile,1,NULL
2,0,202_2,202_2_tile,2,0,201_2,201_2_tile,1,NULL
2,0,202_2,202_2_tile,2,0,203_2,203_2_tile,1,NULL
2,0,112_1,112_1_tile,2,0,133_1,133_1_tile,0,NULL
2,0,112_1,112_1_tile,2,0,113_2,113_2_tile,0,NULL
2,0,112_1,112_1_tile,2,0,112_2,112_2_tile,1,NULL
2,0,133_2,133_2_tile,2,0,113_2,113_2_tile,1,NULL
2,0,133_2,133_2_tile,2,0,112_2,112_2_tile,1,NULL
2,0,133_2,133_2_tile,2,0,133_1,133_1_tile,1,NULL
2,0,133_2,133_2_tile,2,0,134_2,134_2_tile,1,NULL
2,0,133_1,133_1_tile,2,0,133_2,133_2_tile,1,NULL
2,0,133_1,133_1_tile,2,0,134_1,134_1_tile,0,NULL
2,0,133_1,133_1_tile,2,0,112_1,112_1_tile,0,NULL
2,0,133_1,133_1_tile,2,0,112_2,112_2_tile,0,NULL
2,0,203_2,203_2_tile,2,0,202_2,202_2_tile,1,NULL
2,0,203_2,203_2_tile,2,0,204_2,204_2_tile,1,NULL
2,0,134_2,134_2_tile,2,0,134_1,134_1_tile,1,NULL
2,0,134_2,134_2_tile,2,0,135_2,135_2_tile,1,NULL
2,0,134_2,134_2_tile,2,0,133_2,133_2_tile,1,NULL
2,0,134_1,134_1_tile,2,0,134_2,134_2_tile,1,NULL
2,0,134_1,134_1_tile,2,0,133_1,133_1_tile,0,NULL
2,0,204_2,204_2_tile,2,0,203_2,203_2_tile,1,NULL
2,0,204_2,204_2_tile,2,0,211_2,211_2_tile,1,NULL
2,0,135_2,135_2_tile,2,0,134_2,134_2_tile,1,NULL
2,0,135_2,135_2_tile,2,0,136_2,136_2_tile,1,NULL
2,0,135_2,135_2_tile,2,0,132_1,132_1_tile,0,NULL
2,0,211_2,211_2_tile,2,0,204_2,204_2_tile,1,NULL
2,0,211_2,211_2_tile,2,0,205_2,205_2_tile,1,NULL
2,0,211_2,211_2_tile,2,0,205_1,205_1_tile,0,NULL
2,0,136_2,136_2_tile,2,0,135_2,135_2_tile,1,NULL
2,0,136_2,136_2_tile,2,0,132_1,132_1_tile,0,NULL
2,0,136_2,136_2_tile,2,0,138_2,138_2_tile,1,NULL
2,0,136_2,136_2_tile,2,0,137_2,137_2_tile,1,NULL
2,0,136_2,136_2_tile,2,0,132_2,132_2_tile,1,NULL
2,0,136_2,136_2_tile,2,0,139_2,139_2_tile,1,NULL
2,0,205_2,205_2_tile,2,0,211_2,211_2_tile,1,NULL
2,0,205_2,205_2_tile,2,0,205_1,205_1_tile,1,NULL
2,0,205_2,205_2_tile,2,0,206_2,206_2_tile,1,NULL
2,0,205_1,205_1_tile,2,0,205_2,205_2_tile,1,NULL
2,0,205_1,205_1_tile,2,0,211_2,211_2_tile,0,NULL
2,0,132_1,132_1_tile,2,0,135_2,135_2_tile,0,NULL
2,0,132_1,132_1_tile,2,0,136_2,136_2_tile,0,NULL
2,0,132_1,132_1_tile,2,0,132_2,132_2_tile,1,NULL
2,0,138_2,138_2_tile,2,0,138_1,138_1_tile,1,NULL
2,0,138_2,138_2_tile,2,0,137_2,137_2_tile,1,NULL
2,0,138_2,138_2_tile,2,0,136_2,136_2_tile,1,NULL
2,0,138_2,138_2_tile,2,0,139_2,139_2_tile,1,NULL
2,0,138_2,138_2_tile,2,0,132_2,132_2_tile,1,NULL
2,0,137_2,137_2_tile,2,0,138_2,138_2_tile,1,NULL
2,0,137_2,137_2_tile,2,0,138_1,138_1_tile,0,NULL
2,0,137_2,137_2_tile,2,0,136_2,136_2_tile,1,NULL
2,0,139_2,139_2_tile,2,0,132_2,132_2_tile,1,NULL
2,0,139_2,139_2_tile,2,0,138_2,138_2_tile,1,NULL
2,0,139_2,139_2_tile,2,0,136_2,136_2_tile,1,NULL
2,0,139_2,139_2_tile,2,0,139_1,139_1_tile,1,NULL
2,0,139_2,139_2_tile,2,0,130_2,130_2_tile,1,NULL
2,0,139_2,139_2_tile,2,0,129_2,129_2_tile,1,NULL
2,0,139_2,139_2_tile,2,0,128_2,128_2_tile,1,NULL
2,0,139_2,139_2_tile,2,0,140_2,140_2_tile,1,NULL
2,0,132_2,132_2_tile,2,0,132_1,132_1_tile,1,NULL
2,0,132_2,132_2_tile,2,0,136_2,136_2_tile,1,NULL
2,0,132_2,132_2_tile,2,0,130_2,130_2_tile,1,NULL
2,0,132_2,132_2_tile,2,0,138_2,138_2_tile,1,NULL
2,0,132_2,132_2_tile,2,0,139_2,139_2_tile,1,NULL
2,0,138_1,138_1_tile,2,0,138_2,138_2_tile,1,NULL
2,0,138_1,138_1_tile,2,0,139_1,139_1_tile,1,NULL
2,0,138_1,138_1_tile,2,0,137_2,137_2_tile,0,NULL
2,0,139_1,139_1_tile,2,0,138_1,138_1_tile,1,NULL
2,0,139_1,139_1_tile,2,0,139_2,139_2_tile,1,NULL
2,0,139_1,139_1_tile,2,0,140_1,140_1_tile,0,NULL
2,0,130_2,130_2_tile,2,0,130_1,130_1_tile,1,NULL
2,0,130_2,130_2_tile,2,0,139_2,139_2_tile,1,NULL
2,0,130_2,130_2_tile,2,0,132_2,132_2_tile,1,NULL
2,0,130_2,130_2_tile,2,0,129_2,129_2_tile,1,NULL
2,0,129_2,129_2_tile,2,0,129_1,129_1_tile,1,NULL
2,0,129_2,129_2_tile,2,0,130_2,130_2_tile,1,NULL
2,0,129_2,129_2_tile,2,0,139_2,139_2_tile,1,NULL
2,0,129_2,129_2_tile,2,0,140_2,140_2_tile,1,NULL
2,0,129_2,129_2_tile,2,0,128_2,128_2_tile,1,NULL
2,0,128_2,128_2_tile,2,0,129_2,129_2_tile,1,NULL
2,0,128_2,128_2_tile,2,0,139_2,139_2_tile,1,NULL
2,0,128_2,128_2_tile,2,0,140_2,140_2_tile,1,NULL
2,0,128_2,128_2_tile,2,0,127_2,127_2_tile,1,NULL
2,0,140_2,140_2_tile,2,0,139_2,139_2_tile,1,NULL
2,0,140_2,140_2_tile,2,0,129_2,129_2_tile,1,NULL
2,0,140_2,140_2_tile,2,0,128_2,128_2_tile,1,NULL
2,0,140_2,140_2_tile,2,0,127_2,127_2_tile,1,NULL
2,0,140_2,140_2_tile,2,0,140_1,140_1_tile,1,NULL
2,0,140_2,140_2_tile,2,0,126_2,126_2_tile,1,NULL
2,0,140_2,140_2_tile,2,0,124_2,124_2_tile,1,NULL
2,0,140_2,140_2_tile,2,0,111_2,111_2_tile,1,NULL
2,0,140_1,140_1_tile,2,0,140_2,140_2_tile,1,NULL
2,0,140_1,140_1_tile,2,0,139_1,139_1_tile,0,NULL
2,0,130_1,130_1_tile,2,0,130_2,130_2_tile,1,NULL
2,0,130_1,130_1_tile,2,0,129_1,129_1_tile,0,NULL
2,0,129_1,129_1_tile,2,0,129_2,129_2_tile,1,NULL
2,0,129_1,129_1_tile,2,0,130_1,130_1_tile,0,NULL
2,0,127_2,127_2_tile,2,0,127_1,127_1_tile,1,NULL
2,0,127_2,127_2_tile,2,0,128_2,128_2_tile,1,NULL
2,0,127_2,127_2_tile,2,0,140_2,140_2_tile,1,NULL
2,0,127_2,127_2_tile,2,0,126_2,126_2_tile,1,NULL
2,0,126_2,126_2_tile,2,0,126_1,126_1_tile,1,NULL
2,0,126_2,126_2_tile,2,0,127_2,127_2_tile,1,NULL
2,0,126_2,126_2_tile,2,0,140_2,140_2_tile,1,NULL
2,0,126_2,126_2_tile,2,0,124_2,124_2_tile,1,NULL
2,0,124_2,124_2_tile,2,0,126_2,126_2_tile,1,NULL
2,0,124_2,124_2_tile,2,0,140_2,140_2_tile,1,NULL
2,0,124_2,124_2_tile,2,0,124_1,124_1_tile,1,NULL
2,0,124_2,124_2_tile,2,0,111_2,111_2_tile,1,NULL
2,0,111_2,111_2_tile,2,0,124_2,124_2_tile,1,NULL
2,0,111_2,111_2_tile,2,0,140_2,140_2_tile,1,NULL
2,0,111_2,111_2_tile,2,0,110_2,110_2_tile,1,NULL
2,0,111_2,111_2_tile,2,0,107_2,107_2_tile,1,NULL
2,0,127_1,127_1_tile,2,0,127_2,127_2_tile,1,NULL
2,0,127_1,127_1_tile,2,0,126_1,126_1_tile,0,NULL
2,0,126_1,126_1_tile,2,0,126_2,126_2_tile,1,NULL
2,0,126_1,126_1_tile,2,0,127_1,127_1_tile,0,NULL
2,0,126_1,126_1_tile,2,0,124_1,124_1_tile,0,NULL
2,0,124_1,124_1_tile,2,0,124_2,124_2_tile,1,NULL
2,0,124_1,124_1_tile,2,0,126_1,126_1_tile,0,NULL
2,0,110_2,110_2_tile,2,0,111_2,111_2_tile,1,NULL
2,0,110_2,110_2_tile,2,0,107_2,107_2_tile,1,NULL
2,0,110_2,110_2_tile,2,0,108_2,108_2_tile,1,NULL
2,0,107_2,107_2_tile,2,0,107_1,107_1_tile,1,NULL
2,0,107_2,107_2_tile,2,0,111_2,111_2_tile,1,NULL
2,0,107_2,107_2_tile,2,0,110_2,110_2_tile,1,NULL
2,0,107_2,107_2_tile,2,0,108_2,108_2_tile,1,NULL
2,0,108_2,108_2_tile,2,0,110_2,110_2_tile,1,NULL
2,0,108_2,108_2_tile,2,0,107_2,107_2_tile,1,NULL
2,0,108_2,108_2_tile,2,0,106_2,106_2_tile,1,NULL
2,0,108_2,108_2_tile,2,0,107_1,107_1_tile,0,NULL
2,0,107_1,107_1_tile,2,0,107_2,107_2_tile,1,NULL
2,0,107_1,107_1_tile,2,0,108_2,108_2_tile,0,NULL
2,0,107_1,107_1_tile,2,0,103_1,103_1_tile,0,NULL
2,0,106_2,106_2_tile,2,0,108_2,108_2_tile,1,NULL
2,0,106_2,106_2_tile,2,0,103_2,103_2_tile,1,NULL
2,0,106_2,106_2_tile,2,0,103_1,103_1_tile,0,NULL
2,0,103_1,103_1_tile,2,0,107_1,107_1_tile,0,NULL
2,0,103_1,103_1_tile,2,0,106_2,106_2_tile,0,NULL
2,0,103_1,103_1_tile,2,0,103_2,103_2_tile,1,NULL
2,0,103_2,103_2_tile,2,0,103_1,103_1_tile,1,NULL
2,0,103_2,103_2_tile,2,0,106_2,106_2_tile,1,NULL
2,0,103_2,103_2_tile,2,0,101_2,101_2_tile,1,NULL
2,0,103_2,103_2_tile,2,0,104_1,104_1_tile,1,NULL
2,0,103_2,103_2_tile,2,0,104_2,104_2_tile,1,NULL
2,0,101_2,101_2_tile,2,0,103_2,103_2_tile,1,NULL
2,0,101_2,101_2_tile,2,0,104_2,104_2_tile,1,NULL
2,0,104_1,104_1_tile,2,0,103_2,103_2_tile,1,NULL
2,0,104_1,104_1_tile,2,0,104_2,104_2_tile,1,NULL
2,0,104_1,104_1_tile,2,0,125_2,125_2_tile,0,NULL
2,0,104_1,104_1_tile,2,0,120_2,120_2_tile,0,NULL
2,0,104_2,104_2_tile,2,0,104_1,104_1_tile,1,NULL
2,0,104_2,104_2_tile,2,0,101_2,101_2_tile,1,NULL
2,0,104_2,104_2_tile,2,0,103_2,103_2_tile,1,NULL
2,0,104_2,104_2_tile,2,0,121_2,121_2_tile,1,NULL
2,0,104_2,104_2_tile,2,0,125_2,125_2_tile,1,NULL
2,0,125_2,125_2_tile,2,0,104_1,104_1_tile,0,NULL
2,0,125_2,125_2_tile,2,0,104_2,104_2_tile,1,NULL
2,0,125_2,125_2_tile,2,0,121_2,121_2_tile,1,NULL
2,0,125_2,125_2_tile,2,0,120_2,120_2_tile,1,NULL
2,0,120_2,120_2_tile,2,0,104_1,104_1_tile,0,NULL
2,0,120_2,120_2_tile,2,0,125_2,125_2_tile,1,NULL
2,0,120_2,120_2_tile,2,0,119_2,119_2_tile,1,NULL
2,0,121_2,121_2_tile,2,0,104_2,104_2_tile,1,NULL
2,0,121_2,121_2_tile,2,0,125_2,125_2_tile,1,NULL
2,0,121_2,121_2_tile,2,0,121_1,121_1_tile,1,NULL
2,0,121_2,121_2_tile,2,0,122_2,122_2_tile,1,NULL
2,0,119_2,119_2_tile,2,0,120_2,120_2_tile,1,NULL
2,0,119_2,119_2_tile,2,0,118_2,118_2_tile,1,NULL
2,0,119_2,119_2_tile,2,0,117_2,117_2_tile,1,NULL
2,0,122_2,122_2_tile,2,0,121_2,121_2_tile,1,NULL
2,0,122_2,122_2_tile,2,0,122_1,122_1_tile,1,NULL
2,0,121_1,121_1_tile,2,0,121_2,121_2_tile,1,NULL
2,0,121_1,121_1_tile,2,0,122_1,122_1_tile,0,NULL
2,0,122_1,122_1_tile,2,0,122_2,122_2_tile,1,NULL
2,0,122_1,122_1_tile,2,0,121_1,121_1_tile,0,NULL
2,0,118_2,118_2_tile,2,0,119_2,119_2_tile,1,NULL
2,0,118_2,118_2_tile,2,0,117_2,117_2_tile,1,NULL
2,0,118_2,118_2_tile,2,0,209_2,209_2_tile,1,NULL
2,0,118_2,118_2_tile,2,0,208_2,208_2_tile,1,NULL
2,0,117_2,117_2_tile,2,0,118_2,118_2_tile,1,NULL
2,0,117_2,117_2_tile,2,0,119_2,119_2_tile,1,NULL
2,0,117_2,117_2_tile,2,0,209_2,209_2_tile,1,NULL
2,0,117_2,117_2_tile,2,0,208_2,208_2_tile,1,NULL
2,0,209_2,209_2_tile,2,0,208_2,208_2_tile,1,NULL
2,0,209_2,209_2_tile,2,0,117_2,117_2_tile,1,NULL
2,0,209_2,209_2_tile,2,0,118_2,118_2_tile,1,NULL
2,0,209_2,209_2_tile,2,0,207_2,207_2_tile,1,NULL
2,0,208_2,208_2_tile,2,0,209_2,209_2_tile,1,NULL
2,0,208_2,208_2_tile,2,0,117_2,117_2_tile,1,NULL
2,0,208_2,208_2_tile,2,0,118_2,118_2_tile,1,NULL
2,0,208_2,208_2_tile,2,0,207_2,207_2_tile,1,NULL
2,0,207_2,207_2_tile,2,0,208_2,208_2_tile,1,NULL
2,0,207_2,207_2_tile,2,0,209_2,209_2_tile,1,NULL
2,0,207_2,207_2_tile,2,0,206_2,206_2_tile,1,NULL
2,0,207_2,207_2_tile,2,0,207_1,207_1_tile,1,NULL
2,0,206_2,206_2_tile,2,0,207_2,207_2_tile,1,NULL
2,0,206_2,206_2_tile,2,0,205_2,205_2_tile,1,NULL
2,0,207_1,207_1_tile,2,0,207_2,207_2_tile,1,NULL
2,1,140_1,140_1_tile,2,1,140_2,140_2_tile,1,NULL
2,1,140_1,140_1_tile,2,1,141_2,141_2_tile,1,NULL
2,1,140_1,140_1_tile,2,1,143_1,143_1_tile,0,NULL
2,1,140_2,140_2_tile,2,1,141_2,141_2_tile,1,NULL
2,1,140_2,140_2_tile,2,1,140_1,140_1_tile,1,NULL
2,1,140_2,140_2_tile,2,1,143_2,143_2_tile,1,NULL
2,1,140_2,140_2_tile,2,1,101_2,101_2_tile,1,NULL
2,1,140_2,140_2_tile,2,1,214_2,214_2_tile,1,NULL
2,1,140_2,140_2_tile,2,1,215_2,215_2_tile,1,NULL
2,1,141_2,141_2_tile,2,1,140_2,140_2_tile,1,NULL
2,1,141_2,141_2_tile,2,1,140_1,140_1_tile,1,NULL
2,1,141_2,141_2_tile,2,1,143_2,143_2_tile,1,NULL
2,1,141_2,141_2_tile,2,1,101_2,101_2_tile,1,NULL
2,1,141_2,141_2_tile,2,1,214_2,214_2_tile,1,NULL
2,1,141_2,141_2_tile,2,1,215_2,215_2_tile,1,NULL
2,1,143_1,143_1_tile,2,1,143_2,143_2_tile,1,NULL
2,1,143_1,143_1_tile,2,1,140_1,140_1_tile,0,NULL
2,1,143_2,143_2_tile,2,1,143_1,143_1_tile,1,NULL
2,1,143_2,143_2_tile,2,1,140_2,140_2_tile,1,NULL
2,1,143_2,143_2_tile,2,1,141_2,141_2_tile,1,NULL
2,1,143_2,143_2_tile,2,1,101_2,101_2_tile,1,NULL
2,1,101_2,101_2_tile,2,1,143_2,143_2_tile,1,NULL
2,1,101_2,101_2_tile,2,1,140_2,140_2_tile,1,NULL
2,1,101_2,101_2_tile,2,1,141_2,141_2_tile,1,NULL
2,1,101_2,101_2_tile,2,1,102_2,102_2_tile,1,NULL
2,1,214_2,214_2_tile,2,1,215_2,215_2_tile,1,NULL
2,1,214_2,214_2_tile,2,1,214_1,214_1_tile,1,NULL
2,1,214_2,214_2_tile,2,1,201_2,201_2_tile,1,NULL
2,1,214_2,214_2_tile,2,1,141_2,141_2_tile,1,NULL
2,1,214_2,214_2_tile,2,1,140_2,140_2_tile,1,NULL
2,1,215_2,215_2_tile,2,1,214_2,214_2_tile,1,NULL
2,1,215_2,215_2_tile,2,1,214_1,214_1_tile,1,NULL
2,1,215_2,215_2_tile,2,1,201_2,201_2_tile,1,NULL
2,1,215_2,215_2_tile,2,1,140_2,140_2_tile,1,NULL
2,1,215_2,215_2_tile,2,1,141_2,141_2_tile,1,NULL
2,1,102_2,102_2_tile,2,1,101_2,101_2_tile,1,NULL
2,1,102_2,102_2_tile,2,1,103_2,103_2_tile,1,NULL
2,1,102_2,102_2_tile,2,1,115_1,115_1_tile,0,NULL
2,1,214_1,214_1_tile,2,1,214_2,214_2_tile,1,NULL
2,1,214_1,214_1_tile,2,1,215_2,215_2_tile,1,NULL
2,1,201_2,201_2_tile,2,1,212_2,212_2_tile,1,NULL
2,1,201_2,201_2_tile,2,1,214_2,214_2_tile,1,NULL
2,1,201_2,201_2_tile,2,1,215_2,215_2_tile,1,NULL
2,1,103_2,103_2_tile,2,1,102_2,102_2_tile,1,NULL
2,1,103_2,103_2_tile,2,1,104_2,104_2_tile,1,NULL
2,1,103_2,103_2_tile,2,1,115_2,115_2_tile,1,NULL
2,1,103_2,103_2_tile,2,1,106_2,106_2_tile,1,NULL
2,1,115_1,115_1_tile,2,1,102_2,102_2_tile,0,NULL
2,1,115_1,115_1_tile,2,1,115_2,115_2_tile,1,NULL
2,1,212_2,212_2_tile,2,1,201_2,201_2_tile,1,NULL
2,1,212_2,212_2_tile,2,1,202_2,202_2_tile,1,NULL
2,1,104_2,104_2_tile,2,1,103_2,103_2_tile,1,NULL
2,1,104_2,104_2_tile,2,1,105_2,105_2_tile,1,NULL
2,1,115_2,115_2_tile,2,1,103_2,103_2_tile,1,NULL
2,1,115_2,115_2_tile,2,1,115_1,115_1_tile,1,NULL
2,1,115_2,115_2_tile,2,1,106_2,106_2_tile,1,NULL
2,1,115_2,115_2_tile,2,1,116_2,116_2_tile,1,NULL
2,1,106_2,106_2_tile,2,1,115_2,115_2_tile,1,NULL
2,1,106_2,106_2_tile,2,1,103_2,103_2_tile,1,NULL
2,1,106_2,106_2_tile,2,1,116_2,116_2_tile,1,NULL
2,1,106_2,106_2_tile,2,1,107_2,107_2_tile,1,NULL
2,1,202_2,202_2_tile,2,1,212_2,212_2_tile,1,NULL
2,1,202_2,202_2_tile,2,1,203_2,203_2_tile,1,NULL
2,1,105_2,105_2_tile,2,1,104_2,104_2_tile,1,NULL
2,1,105_2,105_2_tile,2,1,105_1,105_1_tile,1,NULL
2,1,116_2,116_2_tile,2,1,115_2,115_2_tile,1,NULL
2,1,116_2,116_2_tile,2,1,106_2,106_2_tile,1,NULL
2,1,116_2,116_2_tile,2,1,107_2,107_2_tile,1,NULL
2,1,116_2,116_2_tile,2,1,117_2,117_2_tile,1,NULL
2,1,107_2,107_2_tile,2,1,107_1,107_1_tile,1,NULL
2,1,107_2,107_2_tile,2,1,106_2,106_2_tile,1,NULL
2,1,107_2,107_2_tile,2,1,116_2,116_2_tile,1,NULL
2,1,107_2,107_2_tile,2,1,117_2,117_2_tile,1,NULL
2,1,107_2,107_2_tile,2,1,118_2,118_2_tile,1,NULL
2,1,107_2,107_2_tile,2,1,108_2,108_2_tile,1,NULL
2,1,203_2,203_2_tile,2,1,202_2,202_2_tile,1,NULL
2,1,203_2,203_2_tile,2,1,203_1,203_1_tile,1,NULL
2,1,203_2,203_2_tile,2,1,204_2,204_2_tile,1,NULL
2,1,105_1,105_1_tile,2,1,105_2,105_2_tile,1,NULL
2,1,117_2,117_2_tile,2,1,107_2,107_2_tile,1,NULL
2,1,117_2,117_2_tile,2,1,116_2,116_2_tile,1,NULL
2,1,117_2,117_2_tile,2,1,118_2,118_2_tile,1,NULL
2,1,107_1,107_1_tile,2,1,107_2,107_2_tile,1,NULL
2,1,118_2,118_2_tile,2,1,117_2,117_2_tile,1,NULL
2,1,118_2,118_2_tile,2,1,107_2,107_2_tile,1,NULL
2,1,118_2,118_2_tile,2,1,108_2,108_2_tile,1,NULL
2,1,118_2,118_2_tile,2,1,119_2,119_2_tile,1,NULL
2,1,108_2,108_2_tile,2,1,108_1,108_1_tile,1,NULL
2,1,108_2,108_2_tile,2,1,107_2,107_2_tile,1,NULL
2,1,108_2,108_2_tile,2,1,118_2,118_2_tile,1,NULL
2,1,108_2,108_2_tile,2,1,119_2,119_2_tile,1,NULL
2,1,108_2,108_2_tile,2,1,120_2,120_2_tile,1,NULL
2,1,108_2,108_2_tile,2,1,109_2,109_2_tile,1,NULL
2,1,203_1,203_1_tile,2,1,203_2,203_2_tile,1,NULL
2,1,203_1,203_1_tile,2,1,204_1,204_1_tile,1,NULL
2,1,204_2,204_2_tile,2,1,203_2,203_2_tile,1,NULL
2,1,204_2,204_2_tile,2,1,204_1,204_1_tile,1,NULL
2,1,204_2,204_2_tile,2,1,209_2,209_2_tile,1,NULL
2,1,119_2,119_2_tile,2,1,108_2,108_2_tile,1,NULL
2,1,119_2,119_2_tile,2,1,118_2,118_2_tile,1,NULL
2,1,119_2,119_2_tile,2,1,120_2,120_2_tile,1,NULL
2,1,108_1,108_1_tile,2,1,108_2,108_2_tile,1,NULL
2,1,108_1,108_1_tile,2,1,109_1,109_1_tile,0,NULL
2,1,120_2,120_2_tile,2,1,119_2,119_2_tile,1,NULL
2,1,120_2,120_2_tile,2,1,108_2,108_2_tile,1,NULL
2,1,120_2,120_2_tile,2,1,109_2,109_2_tile,1,NULL
2,1,120_2,120_2_tile,2,1,121_2,121_2_tile,1,NULL
2,1,109_2,109_2_tile,2,1,109_1,109_1_tile,1,NULL
2,1,109_2,109_2_tile,2,1,108_2,108_2_tile,1,NULL
2,1,109_2,109_2_tile,2,1,120_2,120_2_tile,1,NULL
2,1,109_2,109_2_tile,2,1,121_2,121_2_tile,1,NULL
2,1,109_2,109_2_tile,2,1,122_2,122_2_tile,1,NULL
2,1,109_2,109_2_tile,2,1,110_2,110_2_tile,1,NULL
2,1,121_2,121_2_tile,2,1,122_2,122_2_tile,1,NULL
2,1,121_2,121_2_tile,2,1,110_2,110_2_tile,1,NULL
2,1,121_2,121_2_tile,2,1,109_2,109_2_tile,1,NULL
2,1,121_2,121_2_tile,2,1,120_2,120_2_tile,1,NULL
2,1,204_1,204_1_tile,2,1,203_1,203_1_tile,1,NULL
2,1,204_1,204_1_tile,2,1,204_2,204_2_tile,1,NULL
2,1,209_2,209_2_tile,2,1,204_2,204_2_tile,1,NULL
2,1,209_2,209_2_tile,2,1,225_1,225_1_tile,0,NULL
2,1,209_2,209_2_tile,2,1,224_2,224_2_tile,1,NULL
2,1,109_1,109_1_tile,2,1,108_1,108_1_tile,0,NULL
2,1,109_1,109_1_tile,2,1,109_2,109_2_tile,1,NULL
2,1,109_1,109_1_tile,2,1,110_1,110_1_tile,0,NULL
2,1,122_2,122_2_tile,2,1,121_2,121_2_tile,1,NULL
2,1,122_2,122_2_tile,2,1,109_2,109_2_tile,1,NULL
2,1,122_2,122_2_tile,2,1,110_2,110_2_tile,1,NULL
2,1,122_2,122_2_tile,2,1,123_2,123_2_tile,1,NULL
2,1,110_2,110_2_tile,2,1,110_1,110_1_tile,1,NULL
2,1,110_2,110_2_tile,2,1,109_2,109_2_tile,1,NULL
2,1,110_2,110_2_tile,2,1,122_2,122_2_tile,1,NULL
2,1,110_2,110_2_tile,2,1,121_2,121_2_tile,1,NULL
2,1,110_2,110_2_tile,2,1,123_2,123_2_tile,1,NULL
2,1,225_1,225_1_tile,2,1,209_2,209_2_tile,0,NULL
2,1,225_1,225_1_tile,2,1,224_1,224_1_tile,1,NULL
2,1,225_1,225_1_tile,2,1,224_2,224_2_tile,0,NULL
2,1,224_2,224_2_tile,2,1,225_1,225_1_tile,0,NULL
2,1,224_2,224_2_tile,2,1,205_2,205_2_tile,0,NULL
2,1,224_2,224_2_tile,2,1,224_1,224_1_tile,1,NULL
2,1,224_2,224_2_tile,2,1,209_2,209_2_tile,1,NULL
2,1,224_2,224_2_tile,2,1,223_2,223_2_tile,1,NULL
2,1,110_1,110_1_tile,2,1,110_2,110_2_tile,1,NULL
2,1,110_1,110_1_tile,2,1,109_1,109_1_tile,0,NULL
2,1,123_2,123_2_tile,2,1,122_2,122_2_tile,1,NULL
2,1,123_2,123_2_tile,2,1,110_2,110_2_tile,1,NULL
2,1,123_2,123_2_tile,2,1,124_2,124_2_tile,1,NULL
2,1,123_2,123_2_tile,2,1,111_2,111_2_tile,1,NULL
2,1,224_1,224_1_tile,2,1,225_1,225_1_tile,1,NULL
2,1,224_1,224_1_tile,2,1,224_2,224_2_tile,1,NULL
2,1,224_1,224_1_tile,2,1,205_2,205_2_tile,1,NULL
2,1,205_2,205_2_tile,2,1,224_1,224_1_tile,1,NULL
2,1,205_2,205_2_tile,2,1,224_2,224_2_tile,0,NULL
2,1,223_2,223_2_tile,2,1,224_2,224_2_tile,1,NULL
2,1,223_2,223_2_tile,2,1,221_2,221_2_tile,1,NULL
2,1,124_2,124_2_tile,2,1,124_1,124_1_tile,1,NULL
2,1,124_2,124_2_tile,2,1,123_2,123_2_tile,1,NULL
2,1,124_2,124_2_tile,2,1,111_2,111_2_tile,1,NULL
2,1,124_2,124_2_tile,2,1,125_2,125_2_tile,1,NULL
2,1,111_2,111_2_tile,2,1,111_1,111_1_tile,1,NULL
2,1,111_2,111_2_tile,2,1,123_2,123_2_tile,1,NULL
2,1,111_2,111_2_tile,2,1,124_2,124_2_tile,1,NULL
2,1,111_2,111_2_tile,2,1,125_2,125_2_tile,1,NULL
2,1,111_2,111_2_tile,2,1,112_2,112_2_tile,1,NULL
2,1,111_2,111_2_tile,2,1,126_2,126_2_tile,1,NULL
2,1,221_2,221_2_tile,2,1,223_2,223_2_tile,1,NULL
2,1,221_2,221_2_tile,2,1,216_2,216_2_tile,1,NULL
2,1,124_1,124_1_tile,2,1,124_2,124_2_tile,1,NULL
2,1,124_1,124_1_tile,2,1,125_1,125_1_tile,0,NULL
2,1,125_2,125_2_tile,2,1,125_1,125_1_tile,1,NULL
2,1,125_2,125_2_tile,2,1,124_2,124_2_tile,1,NULL
2,1,125_2,125_2_tile,2,1,111_2,111_2_tile,1,NULL
2,1,125_2,125_2_tile,2,1,126_2,126_2_tile,1,NULL
2,1,125_2,125_2_tile,2,1,112_2,112_2_tile,1,NULL
2,1,111_1,111_1_tile,2,1,111_2,111_2_tile,1,NULL
2,1,111_1,111_1_tile,2,1,112_1,112_1_tile,0,NULL
2,1,112_2,112_2_tile,2,1,112_1,112_1_tile,1,NULL
2,1,112_2,112_2_tile,2,1,111_2,111_2_tile,1,NULL
2,1,112_2,112_2_tile,2,1,125_2,125_2_tile,1,NULL
2,1,112_2,112_2_tile,2,1,126_2,126_2_tile,1,NULL
2,1,112_2,112_2_tile,2,1,127_2,127_2_tile,1,NULL
2,1,112_2,112_2_tile,2,1,128_2,128_2_tile,1,NULL
2,1,126_2,126_2_tile,2,1,125_2,125_2_tile,1,NULL
2,1,126_2,126_2_tile,2,1,111_2,111_2_tile,1,NULL
2,1,126_2,126_2_tile,2,1,112_2,112_2_tile,1,NULL
2,1,126_2,126_2_tile,2,1,127_2,127_2_tile,1,NULL
2,1,216_2,216_2_tile,2,1,221_2,221_2_tile,1,NULL
2,1,216_2,216_2_tile,2,1,216_1,216_1_tile,1,NULL
2,1,216_2,216_2_tile,2,1,218_2,218_2_tile,1,NULL
2,1,125_1,125_1_tile,2,1,125_2,125_2_tile,1,NULL
2,1,125_1,125_1_tile,2,1,124_1,124_1_tile,0,NULL
2,1,112_1,112_1_tile,2,1,112_2,112_2_tile,1,NULL
2,1,112_1,112_1_tile,2,1,111_1,111_1_tile,0,NULL
2,1,127_2,127_2_tile,2,1,112_2,112_2_tile,1,NULL
2,1,127_2,127_2_tile,2,1,126_2,126_2_tile,1,NULL
2,1,127_2,127_2_tile,2,1,128_2,128_2_tile,1,NULL
2,1,128_2,128_2_tile,2,1,127_2,127_2_tile,1,NULL
2,1,128_2,128_2_tile,2,1,128_1,128_1_tile,1,NULL
2,1,128_2,128_2_tile,2,1,112_2,112_2_tile,1,NULL
2,1,128_2,128_2_tile,2,1,129_2,129_2_tile,1,NULL
2,1,216_1,216_1_tile,2,1,216_2,216_2_tile,1,NULL
2,1,216_1,216_1_tile,2,1,220_1,220_1_tile,1,NULL
2,1,216_1,216_1_tile,2,1,219_1,219_1_tile,1,NULL
2,1,216_1,216_1_tile,2,1,218_1,218_1_tile,0,NULL
2,1,218_2,218_2_tile,2,1,216_2,216_2_tile,1,NULL
2,1,218_2,218_2_tile,2,1,218_1,218_1_tile,1,NULL
2,1,218_2,218_2_tile,2,1,206_2,206_2_tile,1,NULL
2,1,218_2,218_2_tile,2,1,207_2,207_2_tile,1,NULL
2,1,128_1,128_1_tile,2,1,128_2,128_2_tile,1,NULL
2,1,128_1,128_1_tile,2,1,129_1,129_1_tile,0,NULL
2,1,129_2,129_2_tile,2,1,128_2,128_2_tile,1,NULL
2,1,129_2,129_2_tile,2,1,129_1,129_1_tile,1,NULL
2,1,129_2,129_2_tile,2,1,113_2,113_2_tile,1,NULL
2,1,129_2,129_2_tile,2,1,130_2,130_2_tile,1,NULL
2,1,220_1,220_1_tile,2,1,216_1,216_1_tile,1,NULL
2,1,220_1,220_1_tile,2,1,219_1,219_1_tile,0,NULL
2,1,219_1,219_1_tile,2,1,220_1,220_1_tile,0,NULL
2,1,219_1,219_1_tile,2,1,218_1,218_1_tile,0,NULL
2,1,219_1,219_1_tile,2,1,216_1,216_1_tile,1,NULL
2,1,218_1,218_1_tile,2,1,219_1,219_1_tile,0,NULL
2,1,218_1,218_1_tile,2,1,206_2,206_2_tile,0,NULL
2,1,218_1,218_1_tile,2,1,216_1,216_1_tile,0,NULL
2,1,218_1,218_1_tile,2,1,218_2,218_2_tile,1,NULL
2,1,218_1,218_1_tile,2,1,217_1,217_1_tile,1,NULL
2,1,206_2,206_2_tile,2,1,218_2,218_2_tile,1,NULL
2,1,206_2,206_2_tile,2,1,218_1,218_1_tile,0,NULL
2,1,206_2,206_2_tile,2,1,206_1,206_1_tile,1,NULL
2,1,206_2,206_2_tile,2,1,207_2,207_2_tile,1,NULL
2,1,206_2,206_2_tile,2,1,137_2,137_2_tile,1,NULL
2,1,206_2,206_2_tile,2,1,136_2,136_2_tile,1,NULL
2,1,207_2,207_2_tile,2,1,218_2,218_2_tile,1,NULL
2,1,207_2,207_2_tile,2,1,206_2,206_2_tile,1,NULL
2,1,207_2,207_2_tile,2,1,137_2,137_2_tile,1,NULL
2,1,207_2,207_2_tile,2,1,136_2,136_2_tile,1,NULL
2,1,129_1,129_1_tile,2,1,129_2,129_2_tile,1,NULL
2,1,129_1,129_1_tile,2,1,128_1,128_1_tile,0,NULL
2,1,129_1,129_1_tile,2,1,130_1,130_1_tile,0,NULL
2,1,113_2,113_2_tile,2,1,129_2,129_2_tile,1,NULL
2,1,113_2,113_2_tile,2,1,130_2,130_2_tile,1,NULL
2,1,113_2,113_2_tile,2,1,131_2,131_2_tile,1,NULL
2,1,130_2,130_2_tile,2,1,113_2,113_2_tile,1,NULL
2,1,130_2,130_2_tile,2,1,129_2,129_2_tile,1,NULL
2,1,130_2,130_2_tile,2,1,131_2,131_2_tile,1,NULL
2,1,130_2,130_2_tile,2,1,130_1,130_1_tile,1,NULL
2,1,217_1,217_1_tile,2,1,218_1,218_1_tile,1,NULL
2,1,217_1,217_1_tile,2,1,206_1,206_1_tile,0,NULL
2,1,206_1,206_1_tile,2,1,217_1,217_1_tile,0,NULL
2,1,206_1,206_1_tile,2,1,206_2,206_2_tile,1,NULL
2,1,137_2,137_2_tile,2,1,136_2,136_2_tile,1,NULL
2,1,137_2,137_2_tile,2,1,207_2,207_2_tile,1,NULL
2,1,137_2,137_2_tile,2,1,206_2,206_2_tile,1,NULL
2,1,137_2,137_2_tile,2,1,135_2,135_2_tile,1,NULL
2,1,136_2,136_2_tile,2,1,137_2,137_2_tile,1,NULL
2,1,136_2,136_2_tile,2,1,135_1,135_1_tile,0,NULL
2,1,136_2,136_2_tile,2,1,136_1,136_1_tile,1,NULL
2,1,136_2,136_2_tile,2,1,207_2,207_2_tile,1,NULL
2,1,136_2,136_2_tile,2,1,206_2,206_2_tile,1,NULL
2,1,136_2,136_2_tile,2,1,135_2,135_2_tile,1,NULL
2,1,130_1,130_1_tile,2,1,129_1,129_1_tile,0,NULL
2,1,130_1,130_1_tile,2,1,131_1,131_1_tile,0,NULL
2,1,130_1,130_1_tile,2,1,130_2,130_2_tile,1,NULL
2,1,131_2,131_2_tile,2,1,131_1,131_1_tile,1,NULL
2,1,131_2,131_2_tile,2,1,130_2,130_2_tile,1,NULL
2,1,131_2,131_2_tile,2,1,113_2,113_2_tile,1,NULL
2,1,131_2,131_2_tile,2,1,114_2,114_2_tile,1,NULL
2,1,131_2,131_2_tile,2,1,132_2,132_2_tile,1,NULL
2,1,135_2,135_2_tile,2,1,136_2,136_2_tile,1,NULL
2,1,135_2,135_2_tile,2,1,137_2,137_2_tile,1,NULL
2,1,135_2,135_2_tile,2,1,135_1,135_1_tile,1,NULL
2,1,135_2,135_2_tile,2,1,134_2,134_2_tile,1,NULL
2,1,136_1,136_1_tile,2,1,136_2,136_2_tile,1,NULL
2,1,136_1,136_1_tile,2,1,135_1,135_1_tile,0,NULL
2,1,131_1,131_1_tile,2,1,131_2,131_2_tile,1,NULL
2,1,131_1,131_1_tile,2,1,130_1,130_1_tile,0,NULL
2,1,131_1,131_1_tile,2,1,132_2,132_2_tile,0,NULL
2,1,131_1,131_1_tile,2,1,133_2,133_2_tile,0,NULL
2,1,114_2,114_2_tile,2,1,131_2,131_2_tile,1,NULL
2,1,114_2,114_2_tile,2,1,132_2,132_2_tile,1,NULL
2,1,114_2,114_2_tile,2,1,114_1,114_1_tile,1,NULL
2,1,132_2,132_2_tile,2,1,114_2,114_2_tile,1,NULL
2,1,132_2,132_2_tile,2,1,133_2,133_2_tile,1,NULL
2,1,132_2,132_2_tile,2,1,131_2,131_2_tile,1,NULL
2,1,132_2,132_2_tile,2,1,131_1,131_1_tile,0,NULL
2,1,135_1,135_1_tile,2,1,135_2,135_2_tile,1,NULL
2,1,135_1,135_1_tile,2,1,136_1,136_1_tile,0,NULL
2,1,135_1,135_1_tile,2,1,136_2,136_2_tile,0,NULL
2,1,135_1,135_1_tile,2,1,134_1,134_1_tile,0,NULL
2,1,134_2,134_2_tile,2,1,134_1,134_1_tile,1,NULL
2,1,134_2,134_2_tile,2,1,135_2,135_2_tile,1,NULL
2,1,134_2,134_2_tile,2,1,133_2,133_2_tile,1,NULL
2,1,133_2,133_2_tile,2,1,133_1,133_1_tile,1,NULL
2,1,133_2,133_2_tile,2,1,132_2,132_2_tile,1,NULL
2,1,133_2,133_2_tile,2,1,134_2,134_2_tile,1,NULL
2,1,133_2,133_2_tile,2,1,131_1,131_1_tile,0,NULL
2,1,114_1,114_1_tile,2,1,114_2,114_2_tile,1,NULL
2,1,134_1,134_1_tile,2,1,133_1,133_1_tile,0,NULL
2,1,134_1,134_1_tile,2,1,135_1,135_1_tile,0,NULL
2,1,134_1,134_1_tile,2,1,134_2,134_2_tile,1,NULL
2,1,133_1,133_1_tile,2,1,133_2,133_2_tile,1,NULL
2,1,133_1,133_1_tile,2,1,134_1,134_1_tile,0,NULL
2,2,143_1,143_1_tile,2,2,143_2,143_2_tile,1,NULL
2,2,143_1,143_1_tile,2,2,144_2,144_2_tile,0,NULL
2,2,143_1,143_1_tile,2,2,101_1,101_1_tile,0,NULL
2,2,143_2,143_2_tile,2,2,143_1,143_1_tile,1,NULL
2,2,143_2,143_2_tile,2,2,144_2,144_2_tile,1,NULL
2,2,143_2,143_2_tile,2,2,101_2,101_2_tile,1,NULL
2,2,143_2,143_2_tile,2,2,217_2,217_2_tile,1,NULL
2,2,144_2,144_2_tile,2,2,143_2,143_2_tile,1,NULL
2,2,144_2,144_2_tile,2,2,101_2,101_2_tile,1,NULL
2,2,144_2,144_2_tile,2,2,217_2,217_2_tile,1,NULL
2,2,144_2,144_2_tile,2,2,143_1,143_1_tile,0,NULL
2,2,101_1,101_1_tile,2,2,101_2,101_2_tile,1,NULL
2,2,101_1,101_1_tile,2,2,143_1,143_1_tile,0,NULL
2,2,101_2,101_2_tile,2,2,101_1,101_1_tile,1,NULL
2,2,101_2,101_2_tile,2,2,102_1,102_1_tile,0,NULL
2,2,101_2,101_2_tile,2,2,144_2,144_2_tile,1,NULL
2,2,101_2,101_2_tile,2,2,143_2,143_2_tile,1,NULL
2,2,101_2,101_2_tile,2,2,102_2,102_2_tile,1,NULL
2,2,217_2,217_2_tile,2,2,217_1,217_1_tile,1,NULL
2,2,217_2,217_2_tile,2,2,201_2,201_2_tile,1,NULL
2,2,217_2,217_2_tile,2,2,144_2,144_2_tile,1,NULL
2,2,217_2,217_2_tile,2,2,143_2,143_2_tile,1,NULL
2,2,102_2,102_2_tile,2,2,101_2,101_2_tile,1,NULL
2,2,102_2,102_2_tile,2,2,103_2,103_2_tile,1,NULL
2,2,102_2,102_2_tile,2,2,102_1,102_1_tile,1,NULL
2,2,102_2,102_2_tile,2,2,118_1,118_1_tile,0,NULL
2,2,217_1,217_1_tile,2,2,217_2,217_2_tile,1,NULL
2,2,201_2,201_2_tile,2,2,217_2,217_2_tile,1,NULL
2,2,201_2,201_2_tile,2,2,202_2,202_2_tile,1,NULL
2,2,103_2,103_2_tile,2,2,102_2,102_2_tile,1,NULL
2,2,103_2,103_2_tile,2,2,105_2,105_2_tile,1,NULL
2,2,103_2,103_2_tile,2,2,104_2,104_2_tile,1,NULL
2,2,103_2,103_2_tile,2,2,106_2,106_2_tile,1,NULL
2,2,103_2,103_2_tile,2,2,118_2,118_2_tile,1,NULL
2,2,103_2,103_2_tile,2,2,118_1,118_1_tile,0,NULL
2,2,102_1,102_1_tile,2,2,102_2,102_2_tile,1,NULL
2,2,102_1,102_1_tile,2,2,101_2,101_2_tile,0,NULL
2,2,118_1,118_1_tile,2,2,118_2,118_2_tile,1,NULL
2,2,118_1,118_1_tile,2,2,102_2,102_2_tile,0,NULL
2,2,118_1,118_1_tile,2,2,103_2,103_2_tile,0,NULL
2,2,202_2,202_2_tile,2,2,201_2,201_2_tile,1,NULL
2,2,202_2,202_2_tile,2,2,220_2,220_2_tile,1,NULL
2,2,105_2,105_2_tile,2,2,104_2,104_2_tile,1,NULL
2,2,105_2,105_2_tile,2,2,105_1,105_1_tile,1,NULL
2,2,105_2,105_2_tile,2,2,106_2,106_2_tile,1,NULL
2,2,105_2,105_2_tile,2,2,118_2,118_2_tile,1,NULL
2,2,105_2,105_2_tile,2,2,103_2,103_2_tile,1,NULL
2,2,104_2,104_2_tile,2,2,105_2,105_2_tile,1,NULL
2,2,104_2,104_2_tile,2,2,104_1,104_1_tile,1,NULL
2,2,104_2,104_2_tile,2,2,105_1,105_1_tile,0,NULL
2,2,104_2,104_2_tile,2,2,103_2,103_2_tile,1,NULL
2,2,106_2,106_2_tile,2,2,105_2,105_2_tile,1,NULL
2,2,106_2,106_2_tile,2,2,103_2,103_2_tile,1,NULL
2,2,106_2,106_2_tile,2,2,118_2,118_2_tile,1,NULL
2,2,106_2,106_2_tile,2,2,119_2,119_2_tile,1,NULL
2,2,106_2,106_2_tile,2,2,120_2,120_2_tile,1,NULL
2,2,106_2,106_2_tile,2,2,107_2,107_2_tile,1,NULL
2,2,118_2,118_2_tile,2,2,118_1,118_1_tile,1,NULL
2,2,118_2,118_2_tile,2,2,103_2,103_2_tile,1,NULL
2,2,118_2,118_2_tile,2,2,105_2,105_2_tile,1,NULL
2,2,118_2,118_2_tile,2,2,106_2,106_2_tile,1,NULL
2,2,118_2,118_2_tile,2,2,119_2,119_2_tile,1,NULL
2,2,220_2,220_2_tile,2,2,202_2,202_2_tile,1,NULL
2,2,220_2,220_2_tile,2,2,203_2,203_2_tile,1,NULL
2,2,105_1,105_1_tile,2,2,105_2,105_2_tile,1,NULL
2,2,105_1,105_1_tile,2,2,104_1,104_1_tile,0,NULL
2,2,105_1,105_1_tile,2,2,104_2,104_2_tile,0,NULL
2,2,104_1,104_1_tile,2,2,104_2,104_2_tile,1,NULL
2,2,104_1,104_1_tile,2,2,105_1,105_1_tile,0,NULL
2,2,119_2,119_2_tile,2,2,118_2,118_2_tile,1,NULL
2,2,119_2,119_2_tile,2,2,106_2,106_2_tile,1,NULL
2,2,119_2,119_2_tile,2,2,120_2,120_2_tile,1,NULL
2,2,119_2,119_2_tile,2,2,107_2,107_2_tile,1,NULL
2,2,120_2,120_2_tile,2,2,119_2,119_2_tile,1,NULL
2,2,120_2,120_2_tile,2,2,106_2,106_2_tile,1,NULL
2,2,120_2,120_2_tile,2,2,107_2,107_2_tile,1,NULL
2,2,120_2,120_2_tile,2,2,121_2,121_2_tile,1,NULL
2,2,107_2,107_2_tile,2,2,106_2,106_2_tile,1,NULL
2,2,107_2,107_2_tile,2,2,119_2,119_2_tile,1,NULL
2,2,107_2,107_2_tile,2,2,120_2,120_2_tile,1,NULL
2,2,107_2,107_2_tile,2,2,121_2,121_2_tile,1,NULL
2,2,107_2,107_2_tile,2,2,122_2,122_2_tile,1,NULL
2,2,203_2,203_2_tile,2,2,220_2,220_2_tile,1,NULL
2,2,203_2,203_2_tile,2,2,204_2,204_2_tile,1,NULL
2,2,121_2,121_2_tile,2,2,120_2,120_2_tile,1,NULL
2,2,121_2,121_2_tile,2,2,107_2,107_2_tile,1,NULL
2,2,121_2,121_2_tile,2,2,121_1,121_1_tile,1,NULL
2,2,121_2,121_2_tile,2,2,122_2,122_2_tile,1,NULL
2,2,122_2,122_2_tile,2,2,122_1,122_1_tile,1,NULL
2,2,122_2,122_2_tile,2,2,121_2,121_2_tile,1,NULL
2,2,122_2,122_2_tile,2,2,107_2,107_2_tile,1,NULL
2,2,122_2,122_2_tile,2,2,123_2,123_2_tile,1,NULL
2,2,204_2,204_2_tile,2,2,203_2,203_2_tile,1,NULL
2,2,204_2,204_2_tile,2,2,214_2,214_2_tile,1,NULL
2,2,121_1,121_1_tile,2,2,121_2,121_2_tile,1,NULL
2,2,121_1,121_1_tile,2,2,122_1,122_1_tile,0,NULL
2,2,122_1,122_1_tile,2,2,122_2,122_2_tile,1,NULL
2,2,122_1,122_1_tile,2,2,121_1,121_1_tile,0,NULL
2,2,123_2,123_2_tile,2,2,122_2,122_2_tile,1,NULL
2,2,123_2,123_2_tile,2,2,108_2,108_2_tile,1,NULL
2,2,123_2,123_2_tile,2,2,124_2,124_2_tile,1,NULL
2,2,214_2,214_2_tile,2,2,204_2,204_2_tile,1,NULL
2,2,214_2,214_2_tile,2,2,205_2,205_2_tile,1,NULL
2,2,108_2,108_2_tile,2,2,123_2,123_2_tile,1,NULL
2,2,108_2,108_2_tile,2,2,124_2,124_2_tile,1,NULL
2,2,108_2,108_2_tile,2,2,125_2,125_2_tile,1,NULL
2,2,108_2,108_2_tile,2,2,126_2,126_2_tile,1,NULL
2,2,124_2,124_2_tile,2,2,123_2,123_2_tile,1,NULL
2,2,124_2,124_2_tile,2,2,108_2,108_2_tile,1,NULL
2,2,124_2,124_2_tile,2,2,125_2,125_2_tile,1,NULL
2,2,205_2,205_2_tile,2,2,214_2,214_2_tile,1,NULL
2,2,205_2,205_2_tile,2,2,206_2,206_2_tile,1,NULL
2,2,125_2,125_2_tile,2,2,124_2,124_2_tile,1,NULL
2,2,125_2,125_2_tile,2,2,108_2,108_2_tile,1,NULL
2,2,125_2,125_2_tile,2,2,126_2,126_2_tile,1,NULL
2,2,126_2,126_2_tile,2,2,125_2,125_2_tile,1,NULL
2,2,126_2,126_2_tile,2,2,108_2,108_2_tile,1,NULL
2,2,126_2,126_2_tile,2,2,109_2,109_2_tile,1,NULL
2,2,126_2,126_2_tile,2,2,127_2,127_2_tile,1,NULL
2,2,206_2,206_2_tile,2,2,205_2,205_2_tile,1,NULL
2,2,206_2,206_2_tile,2,2,207_2,207_2_tile,1,NULL
2,2,109_2,109_2_tile,2,2,126_2,126_2_tile,1,NULL
2,2,109_2,109_2_tile,2,2,127_2,127_2_tile,1,NULL
2,2,109_2,109_2_tile,2,2,128_2,128_2_tile,1,NULL
2,2,109_2,109_2_tile,2,2,110_2,110_2_tile,1,NULL
2,2,109_2,109_2_tile,2,2,129_2,129_2_tile,1,NULL
2,2,127_2,127_2_tile,2,2,126_2,126_2_tile,1,NULL
2,2,127_2,127_2_tile,2,2,109_2,109_2_tile,1,NULL
2,2,127_2,127_2_tile,2,2,128_2,128_2_tile,1,NULL
2,2,207_2,207_2_tile,2,2,206_2,206_2_tile,1,NULL
2,2,207_2,207_2_tile,2,2,208_2,208_2_tile,1,NULL
2,2,207_2,207_2_tile,2,2,213_2,213_2_tile,1,NULL
2,2,207_2,207_2_tile,2,2,209_2,209_2_tile,1,NULL
2,2,207_2,207_2_tile,2,2,210_2,210_2_tile,1,NULL
2,2,207_2,207_2_tile,2,2,211_2,211_2_tile,1,NULL
2,2,128_2,128_2_tile,2,2,127_2,127_2_tile,1,NULL
2,2,128_2,128_2_tile,2,2,109_2,109_2_tile,1,NULL
2,2,128_2,128_2_tile,2,2,110_2,110_2_tile,1,NULL
2,2,128_2,128_2_tile,2,2,129_2,129_2_tile,1,NULL
2,2,110_2,110_2_tile,2,2,109_2,109_2_tile,1,NULL
2,2,110_2,110_2_tile,2,2,128_2,128_2_tile,1,NULL
2,2,110_2,110_2_tile,2,2,129_2,129_2_tile,1,NULL
2,2,110_2,110_2_tile,2,2,130_2,130_2_tile,1,NULL
2,2,110_2,110_2_tile,2,2,111_2,111_2_tile,1,NULL
2,2,129_2,129_2_tile,2,2,129_1,129_1_tile,1,NULL
2,2,129_2,129_2_tile,2,2,128_2,128_2_tile,1,NULL
2,2,129_2,129_2_tile,2,2,110_2,110_2_tile,1,NULL
2,2,129_2,129_2_tile,2,2,109_2,109_2_tile,1,NULL
2,2,129_2,129_2_tile,2,2,111_2,111_2_tile,1,NULL
2,2,129_2,129_2_tile,2,2,130_2,130_2_tile,1,NULL
2,2,208_2,208_2_tile,2,2,207_2,207_2_tile,1,NULL
2,2,208_2,208_2_tile,2,2,213_2,213_2_tile,1,NULL
2,2,213_2,213_2_tile,2,2,207_2,207_2_tile,1,NULL
2,2,213_2,213_2_tile,2,2,208_2,208_2_tile,1,NULL
2,2,213_2,213_2_tile,2,2,209_2,209_2_tile,1,NULL
2,2,209_2,209_2_tile,2,2,207_2,207_2_tile,1,NULL
2,2,209_2,209_2_tile,2,2,213_2,213_2_tile,1,NULL
2,2,209_2,209_2_tile,2,2,210_2,210_2_tile,1,NULL
2,2,209_2,209_2_tile,2,2,211_2,211_2_tile,1,NULL
2,2,210_2,210_2_tile,2,2,209_2,209_2_tile,1,NULL
2,2,210_2,210_2_tile,2,2,207_2,207_2_tile,1,NULL
2,2,210_2,210_2_tile,2,2,210_1,210_1_tile,1,NULL
2,2,210_2,210_2_tile,2,2,211_2,211_2_tile,1,NULL
2,2,210_2,210_2_tile,2,2,140_2,140_2_tile,1,NULL
2,2,210_2,210_2_tile,2,2,139_2,139_2_tile,1,NULL
2,2,211_2,211_2_tile,2,2,210_2,210_2_tile,1,NULL
2,2,211_2,211_2_tile,2,2,209_2,209_2_tile,1,NULL
2,2,211_2,211_2_tile,2,2,207_2,207_2_tile,1,NULL
2,2,211_2,211_2_tile,2,2,140_2,140_2_tile,1,NULL
2,2,211_2,211_2_tile,2,2,139_2,139_2_tile,1,NULL
2,2,130_2,130_2_tile,2,2,129_2,129_2_tile,1,NULL
2,2,130_2,130_2_tile,2,2,110_2,110_2_tile,1,NULL
2,2,130_2,130_2_tile,2,2,111_2,111_2_tile,1,NULL
2,2,130_2,130_2_tile,2,2,112_2,112_2_tile,1,NULL
2,2,130_2,130_2_tile,2,2,131_2,131_2_tile,1,NULL
2,2,111_2,111_2_tile,2,2,110_2,110_2_tile,1,NULL
2,2,111_2,111_2_tile,2,2,129_2,129_2_tile,1,NULL
2,2,111_2,111_2_tile,2,2,130_2,130_2_tile,1,NULL
2,2,111_2,111_2_tile,2,2,112_2,112_2_tile,1,NULL
2,2,111_2,111_2_tile,2,2,131_2,131_2_tile,1,NULL
2,2,129_1,129_1_tile,2,2,129_2,129_2_tile,1,NULL
2,2,210_1,210_1_tile,2,2,210_2,210_2_tile,1,NULL
2,2,140_2,140_2_tile,2,2,139_2,139_2_tile,1,NULL
2,2,140_2,140_2_tile,2,2,137_2,137_2_tile,1,NULL
2,2,140_2,140_2_tile,2,2,211_2,211_2_tile,1,NULL
2,2,140_2,140_2_tile,2,2,210_2,210_2_tile,1,NULL
2,2,139_2,139_2_tile,2,2,140_2,140_2_tile,1,NULL
2,2,139_2,139_2_tile,2,2,139_1,139_1_tile,1,NULL
2,2,139_2,139_2_tile,2,2,137_2,137_2_tile,1,NULL
2,2,139_2,139_2_tile,2,2,211_2,211_2_tile,1,NULL
2,2,139_2,139_2_tile,2,2,210_2,210_2_tile,1,NULL
2,2,139_2,139_2_tile,2,2,138_2,138_2_tile,1,NULL
2,2,112_2,112_2_tile,2,2,111_2,111_2_tile,1,NULL
2,2,112_2,112_2_tile,2,2,130_2,130_2_tile,1,NULL
2,2,112_2,112_2_tile,2,2,131_2,131_2_tile,1,NULL
2,2,112_2,112_2_tile,2,2,132_2,132_2_tile,1,NULL
2,2,112_2,112_2_tile,2,2,113_2,113_2_tile,1,NULL
2,2,131_2,131_2_tile,2,2,130_2,130_2_tile,1,NULL
2,2,131_2,131_2_tile,2,2,111_2,111_2_tile,1,NULL
2,2,131_2,131_2_tile,2,2,112_2,112_2_tile,1,NULL
2,2,131_2,131_2_tile,2,2,113_2,113_2_tile,1,NULL
2,2,131_2,131_2_tile,2,2,132_2,132_2_tile,1,NULL
2,2,137_2,137_2_tile,2,2,137_1,137_1_tile,1,NULL
2,2,137_2,137_2_tile,2,2,136_2,136_2_tile,1,NULL
2,2,137_2,137_2_tile,2,2,139_2,139_2_tile,1,NULL
2,2,137_2,137_2_tile,2,2,140_2,140_2_tile,1,NULL
2,2,137_2,137_2_tile,2,2,138_2,138_2_tile,1,NULL
2,2,139_1,139_1_tile,2,2,139_2,139_2_tile,1,NULL
2,2,139_1,139_1_tile,2,2,138_1,138_1_tile,0,NULL
2,2,138_2,138_2_tile,2,2,139_2,139_2_tile,1,NULL
2,2,138_2,138_2_tile,2,2,138_1,138_1_tile,1,NULL
2,2,138_2,138_2_tile,2,2,137_2,137_2_tile,1,NULL
2,2,138_2,138_2_tile,2,2,137_1,137_1_tile,0,NULL
2,2,132_2,132_2_tile,2,2,132_1,132_1_tile,1,NULL
2,2,132_2,132_2_tile,2,2,131_2,131_2_tile,1,NULL
2,2,132_2,132_2_tile,2,2,112_2,112_2_tile,1,NULL
2,2,132_2,132_2_tile,2,2,113_2,113_2_tile,1,NULL
2,2,132_2,132_2_tile,2,2,114_2,114_2_tile,1,NULL
2,2,132_2,132_2_tile,2,2,133_2,133_2_tile,1,NULL
2,2,113_2,113_2_tile,2,2,112_2,112_2_tile,1,NULL
2,2,113_2,113_2_tile,2,2,131_2,131_2_tile,1,NULL
2,2,113_2,113_2_tile,2,2,132_2,132_2_tile,1,NULL
2,2,113_2,113_2_tile,2,2,114_2,114_2_tile,1,NULL
2,2,113_2,113_2_tile,2,2,133_2,133_2_tile,1,NULL
2,2,137_1,137_1_tile,2,2,137_2,137_2_tile,1,NULL
2,2,137_1,137_1_tile,2,2,136_1,136_1_tile,0,NULL
2,2,137_1,137_1_tile,2,2,138_1,138_1_tile,0,NULL
2,2,137_1,137_1_tile,2,2,138_2,138_2_tile,0,NULL
2,2,136_2,136_2_tile,2,2,137_2,137_2_tile,1,NULL
2,2,136_2,136_2_tile,2,2,135_2,135_2_tile,1,NULL
2,2,136_2,136_2_tile,2,2,136_1,136_1_tile,1,NULL
2,2,138_1,138_1_tile,2,2,138_2,138_2_tile,1,NULL
2,2,138_1,138_1_tile,2,2,137_1,137_1_tile,0,NULL
2,2,138_1,138_1_tile,2,2,139_1,139_1_tile,0,NULL
2,2,132_1,132_1_tile,2,2,132_2,132_2_tile,1,NULL
2,2,114_2,114_2_tile,2,2,113_2,113_2_tile,1,NULL
2,2,114_2,114_2_tile,2,2,132_2,132_2_tile,1,NULL
2,2,114_2,114_2_tile,2,2,133_2,133_2_tile,1,NULL
2,2,114_2,114_2_tile,2,2,134_2,134_2_tile,1,NULL
2,2,114_2,114_2_tile,2,2,115_2,115_2_tile,1,NULL
2,2,133_2,133_2_tile,2,2,132_2,132_2_tile,1,NULL
2,2,133_2,133_2_tile,2,2,113_2,113_2_tile,1,NULL
2,2,133_2,133_2_tile,2,2,114_2,114_2_tile,1,NULL
2,2,133_2,133_2_tile,2,2,115_2,115_2_tile,1,NULL
2,2,133_2,133_2_tile,2,2,134_2,134_2_tile,1,NULL
2,2,136_1,136_1_tile,2,2,136_2,136_2_tile,1,NULL
2,2,136_1,136_1_tile,2,2,137_1,137_1_tile,0,NULL
2,2,135_2,135_2_tile,2,2,136_2,136_2_tile,1,NULL
2,2,135_2,135_2_tile,2,2,117_2,117_2_tile,1,NULL
2,2,135_2,135_2_tile,2,2,116_2,116_2_tile,1,NULL
2,2,135_2,135_2_tile,2,2,134_2,134_2_tile,1,NULL
2,2,135_2,135_2_tile,2,2,115_2,115_2_tile,1,NULL
2,2,134_2,134_2_tile,2,2,133_2,133_2_tile,1,NULL
2,2,134_2,134_2_tile,2,2,114_2,114_2_tile,1,NULL
2,2,134_2,134_2_tile,2,2,115_2,115_2_tile,1,NULL
2,2,134_2,134_2_tile,2,2,116_2,116_2_tile,1,NULL
2,2,134_2,134_2_tile,2,2,117_2,117_2_tile,1,NULL
2,2,134_2,134_2_tile,2,2,135_2,135_2_tile,1,NULL
2,2,115_2,115_2_tile,2,2,114_2,114_2_tile,1,NULL
2,2,115_2,115_2_tile,2,2,133_2,133_2_tile,1,NULL
2,2,115_2,115_2_tile,2,2,134_2,134_2_tile,1,NULL
2,2,115_2,115_2_tile,2,2,135_2,135_2_tile,1,NULL
2,2,115_2,115_2_tile,2,2,116_2,116_2_tile,1,NULL
2,2,117_2,117_2_tile,2,2,135_2,135_2_tile,1,NULL
2,2,117_2,117_2_tile,2,2,116_2,116_2_tile,1,NULL
2,2,117_2,117_2_tile,2,2,134_2,134_2_tile,1,NULL
2,2,116_2,116_2_tile,2,2,117_2,117_2_tile,1,NULL
2,2,116_2,116_2_tile,2,2,135_2,135_2_tile,1,NULL
2,2,116_2,116_2_tile,2,2,134_2,134_2_tile,1,NULL
2,2,116_2,116_2_tile,2,2,115_2,115_2_tile,1,NULL
2,3,140_1,140_1_tile,2,3,140_2,140_2_tile,1,NULL
2,3,140_1,140_1_tile,2,3,141_2,141_2_tile,0,NULL
2,3,140_2,140_2_tile,2,3,140_1,140_1_tile,1,NULL
2,3,140_2,140_2_tile,2,3,141_2,141_2_tile,1,NULL
2,3,140_2,140_2_tile,2,3,101_2,101_2_tile,1,NULL
2,3,140_2,140_2_tile,2,3,254_2,254_2_tile,1,NULL
2,3,140_2,140_2_tile,2,3,253_2,253_2_tile,1,NULL
2,3,141_2,141_2_tile,2,3,140_2,140_2_tile,1,NULL
2,3,141_2,141_2_tile,2,3,101_2,101_2_tile,1,NULL
2,3,141_2,141_2_tile,2,3,254_2,254_2_tile,1,NULL
2,3,141_2,141_2_tile,2,3,253_2,253_2_tile,1,NULL
2,3,141_2,141_2_tile,2,3,140_1,140_1_tile,0,NULL
2,3,140_2,140_2_tile,2,3,101_1,101_1_tile,0,NULL
2,3,101_2,101_2_tile,2,3,101_1,101_1_tile,1,NULL
2,3,101_2,101_2_tile,2,3,143_2,143_2_tile,1,NULL
2,3,101_2,101_2_tile,2,3,140_2,140_2_tile,1,NULL
2,3,101_2,101_2_tile,2,3,141_2,141_2_tile,1,NULL
2,3,254_2,254_2_tile,2,3,141_2,141_2_tile,1,NULL
2,3,254_2,254_2_tile,2,3,140_2,140_2_tile,1,NULL
2,3,254_2,254_2_tile,2,3,253_2,253_2_tile,1,NULL
2,3,254_2,254_2_tile,2,3,253_1,253_1_tile,0,NULL
2,3,254_2,254_2_tile,2,3,201_2,201_2_tile,1,NULL
2,3,253_2,253_2_tile,2,3,254_2,254_2_tile,1,NULL
2,3,253_2,253_2_tile,2,3,141_2,141_2_tile,1,NULL
2,3,253_2,253_2_tile,2,3,140_2,140_2_tile,1,NULL
2,3,253_2,253_2_tile,2,3,253_1,253_1_tile,1,NULL
2,3,253_2,253_2_tile,2,3,201_2,201_2_tile,1,NULL
2,3,101_1,101_1_tile,2,3,101_2,101_2_tile,1,NULL
2,3,101_1,101_1_tile,2,3,140_2,140_2_tile,0,NULL
2,3,143_2,143_2_tile,2,3,102_2,102_2_tile,1,NULL
2,3,143_2,143_2_tile,2,3,101_2,101_2_tile,1,NULL
2,3,253_1,253_1_tile,2,3,253_2,253_2_tile,1,NULL
2,3,253_1,253_1_tile,2,3,254_2,254_2_tile,0,NULL
2,3,253_2,253_2_tile,2,3,201_1,201_1_tile,0,NULL
2,3,201_2,201_2_tile,2,3,201_1,201_1_tile,1,NULL
2,3,201_2,201_2_tile,2,3,253_2,253_2_tile,1,NULL
2,3,201_2,201_2_tile,2,3,254_2,254_2_tile,1,NULL
2,3,201_2,201_2_tile,2,3,203_2,203_2_tile,1,NULL
2,3,102_2,102_2_tile,2,3,102_1,102_1_tile,1,NULL
2,3,102_2,102_2_tile,2,3,143_2,143_2_tile,1,NULL
2,3,102_2,102_2_tile,2,3,103_2,103_2_tile,1,NULL
2,3,201_1,201_1_tile,2,3,201_2,201_2_tile,1,NULL
2,3,201_1,201_1_tile,2,3,253_2,253_2_tile,0,NULL
2,3,201_1,201_1_tile,2,3,202_2,202_2_tile,1,NULL
2,3,203_2,203_2_tile,2,3,203_1,203_1_tile,1,NULL
2,3,203_2,203_2_tile,2,3,201_2,201_2_tile,1,NULL
2,3,203_2,203_2_tile,2,3,204_2,204_2_tile,1,NULL
2,3,203_2,203_2_tile,2,3,207_2,207_2_tile,1,NULL
2,3,203_2,203_2_tile,2,3,208_2,208_2_tile,1,NULL
2,3,102_1,102_1_tile,2,3,102_2,102_2_tile,1,NULL
2,3,103_2,103_2_tile,2,3,102_2,102_2_tile,1,NULL
2,3,103_2,103_2_tile,2,3,111_2,111_2_tile,1,NULL
2,3,103_2,103_2_tile,2,3,107_2,107_2_tile,1,NULL
2,3,103_2,103_2_tile,2,3,104_2,104_2_tile,1,NULL
2,3,202_2,202_2_tile,2,3,201_1,201_1_tile,1,NULL
2,3,203_1,203_1_tile,2,3,203_2,203_2_tile,1,NULL
2,3,204_2,204_2_tile,2,3,205_2,205_2_tile,1,NULL
2,3,204_2,204_2_tile,2,3,203_2,203_2_tile,1,NULL
2,3,207_2,207_2_tile,2,3,203_2,203_2_tile,1,NULL
2,3,207_2,207_2_tile,2,3,208_2,208_2_tile,1,NULL
2,3,207_2,207_2_tile,2,3,210_2,210_2_tile,1,NULL
2,3,207_2,207_2_tile,2,3,209_2,209_2_tile,1,NULL
2,3,208_2,208_2_tile,2,3,203_2,203_2_tile,1,NULL
2,3,208_2,208_2_tile,2,3,207_2,207_2_tile,1,NULL
2,3,208_2,208_2_tile,2,3,209_2,209_2_tile,1,NULL
2,3,208_2,208_2_tile,2,3,210_2,210_2_tile,1,NULL
2,3,111_2,111_2_tile,2,3,103_2,103_2_tile,1,NULL
2,3,111_2,111_2_tile,2,3,104_2,104_2_tile,1,NULL
2,3,111_2,111_2_tile,2,3,107_2,107_2_tile,1,NULL
2,3,111_2,111_2_tile,2,3,112_2,112_2_tile,1,NULL
2,3,107_2,107_2_tile,2,3,104_2,104_2_tile,1,NULL
2,3,107_2,107_2_tile,2,3,103_2,103_2_tile,1,NULL
2,3,107_2,107_2_tile,2,3,111_2,111_2_tile,1,NULL
2,3,107_2,107_2_tile,2,3,112_2,112_2_tile,1,NULL
2,3,107_2,107_2_tile,2,3,108_2,108_2_tile,1,NULL
2,3,107_2,107_2_tile,2,3,113_2,113_2_tile,1,NULL
2,3,104_2,104_2_tile,2,3,105_2,105_2_tile,1,NULL
2,3,104_2,104_2_tile,2,3,103_2,103_2_tile,1,NULL
2,3,104_2,104_2_tile,2,3,111_2,111_2_tile,1,NULL
2,3,104_2,104_2_tile,2,3,107_2,107_2_tile,1,NULL
2,3,205_2,205_2_tile,2,3,204_2,204_2_tile,1,NULL
2,3,205_2,205_2_tile,2,3,206_2,206_2_tile,1,NULL
2,3,210_2,210_2_tile,2,3,208_2,208_2_tile,1,NULL
2,3,210_2,210_2_tile,2,3,207_2,207_2_tile,1,NULL
2,3,210_2,210_2_tile,2,3,209_2,209_2_tile,1,NULL
2,3,210_2,210_2_tile,2,3,211_2,211_2_tile,1,NULL
2,3,210_2,210_2_tile,2,3,212_2,212_2_tile,1,NULL
2,3,209_2,209_2_tile,2,3,207_2,207_2_tile,1,NULL
2,3,209_2,209_2_tile,2,3,208_2,208_2_tile,1,NULL
2,3,209_2,209_2_tile,2,3,210_2,210_2_tile,1,NULL
2,3,209_2,209_2_tile,2,3,212_2,212_2_tile,1,NULL
2,3,209_2,209_2_tile,2,3,211_2,211_2_tile,1,NULL
2,3,112_2,112_2_tile,2,3,111_2,111_2_tile,1,NULL
2,3,112_2,112_2_tile,2,3,107_2,107_2_tile,1,NULL
2,3,112_2,112_2_tile,2,3,108_2,108_2_tile,1,NULL
2,3,112_2,112_2_tile,2,3,113_2,113_2_tile,1,NULL
2,3,108_2,108_2_tile,2,3,107_2,107_2_tile,1,NULL
2,3,108_2,108_2_tile,2,3,112_2,112_2_tile,1,NULL
2,3,108_2,108_2_tile,2,3,113_2,113_2_tile,1,NULL
2,3,108_2,108_2_tile,2,3,114_2,114_2_tile,1,NULL
2,3,108_2,108_2_tile,2,3,115_2,115_2_tile,1,NULL
2,3,108_2,108_2_tile,2,3,109_2,109_2_tile,1,NULL
2,3,113_2,113_2_tile,2,3,112_2,112_2_tile,1,NULL
2,3,113_2,113_2_tile,2,3,107_2,107_2_tile,1,NULL
2,3,113_2,113_2_tile,2,3,108_2,108_2_tile,1,NULL
2,3,113_2,113_2_tile,2,3,114_2,114_2_tile,1,NULL
2,3,105_2,105_2_tile,2,3,104_2,104_2_tile,1,NULL
2,3,105_2,105_2_tile,2,3,106_2,106_2_tile,1,NULL
2,3,206_2,206_2_tile,2,3,205_2,205_2_tile,1,NULL
2,3,211_2,211_2_tile,2,3,209_2,209_2_tile,1,NULL
2,3,211_2,211_2_tile,2,3,210_2,210_2_tile,1,NULL
2,3,211_2,211_2_tile,2,3,212_2,212_2_tile,1,NULL
2,3,211_2,211_2_tile,2,3,213_2,213_2_tile,1,NULL
2,3,211_2,211_2_tile,2,3,214_2,214_2_tile,1,NULL
2,3,212_2,212_2_tile,2,3,209_2,209_2_tile,1,NULL
2,3,212_2,212_2_tile,2,3,210_2,210_2_tile,1,NULL
2,3,212_2,212_2_tile,2,3,211_2,211_2_tile,1,NULL
2,3,212_2,212_2_tile,2,3,213_2,213_2_tile,1,NULL
2,3,212_2,212_2_tile,2,3,214_2,214_2_tile,1,NULL
2,3,114_2,114_2_tile,2,3,113_2,113_2_tile,1,NULL
2,3,114_2,114_2_tile,2,3,108_2,108_2_tile,1,NULL
2,3,114_2,114_2_tile,2,3,109_2,109_2_tile,1,NULL
2,3,114_2,114_2_tile,2,3,115_2,115_2_tile,1,NULL
2,3,115_2,115_2_tile,2,3,114_2,114_2_tile,1,NULL
2,3,115_2,115_2_tile,2,3,108_2,108_2_tile,1,NULL
2,3,115_2,115_2_tile,2,3,109_2,109_2_tile,1,NULL
2,3,115_2,115_2_tile,2,3,116_2,116_2_tile,1,NULL
2,3,109_2,109_2_tile,2,3,114_2,114_2_tile,1,NULL
2,3,109_2,109_2_tile,2,3,108_2,108_2_tile,1,NULL
2,3,109_2,109_2_tile,2,3,115_2,115_2_tile,1,NULL
2,3,109_2,109_2_tile,2,3,116_2,116_2_tile,1,NULL
2,3,109_2,109_2_tile,2,3,110_2,110_2_tile,1,NULL
2,3,109_2,109_2_tile,2,3,117_2,117_2_tile,1,NULL
2,3,106_2,106_2_tile,2,3,105_2,105_2_tile,1,NULL
2,3,106_2,106_2_tile,2,3,106_1,106_1_tile,1,NULL
2,3,106_1,106_1_tile,2,3,106_2,106_2_tile,1,NULL
2,3,213_2,213_2_tile,2,3,211_2,211_2_tile,1,NULL
2,3,213_2,213_2_tile,2,3,212_2,212_2_tile,1,NULL
2,3,213_2,213_2_tile,2,3,214_2,214_2_tile,1,NULL
2,3,213_2,213_2_tile,2,3,216_2,216_2_tile,1,NULL
2,3,213_2,213_2_tile,2,3,215_2,215_2_tile,1,NULL
2,3,214_2,214_2_tile,2,3,214_1,214_1_tile,1,NULL
2,3,214_2,214_2_tile,2,3,212_2,212_2_tile,1,NULL
2,3,214_2,214_2_tile,2,3,213_2,213_2_tile,1,NULL
2,3,214_2,214_2_tile,2,3,211_2,211_2_tile,1,NULL
2,3,214_2,214_2_tile,2,3,215_2,215_2_tile,1,NULL
2,3,214_2,214_2_tile,2,3,216_2,216_2_tile,1,NULL
2,3,116_2,116_2_tile,2,3,115_2,115_2_tile,1,NULL
2,3,116_2,116_2_tile,2,3,109_2,109_2_tile,1,NULL
2,3,116_2,116_2_tile,2,3,110_2,110_2_tile,1,NULL
2,3,116_2,116_2_tile,2,3,117_2,117_2_tile,1,NULL
2,3,110_2,110_2_tile,2,3,109_2,109_2_tile,1,NULL
2,3,110_2,110_2_tile,2,3,116_2,116_2_tile,1,NULL
2,3,110_2,110_2_tile,2,3,117_2,117_2_tile,1,NULL
2,3,110_2,110_2_tile,2,3,118_2,118_2_tile,1,NULL
2,3,110_2,110_2_tile,2,3,119_2,119_2_tile,1,NULL
2,3,117_2,117_2_tile,2,3,116_2,116_2_tile,1,NULL
2,3,117_2,117_2_tile,2,3,109_2,109_2_tile,1,NULL
2,3,117_2,117_2_tile,2,3,110_2,110_2_tile,1,NULL
2,3,117_2,117_2_tile,2,3,118_2,118_2_tile,1,NULL
2,3,216_2,216_2_tile,2,3,216_1,216_1_tile,1,NULL
2,3,216_2,216_2_tile,2,3,214_2,214_2_tile,1,NULL
2,3,216_2,216_2_tile,2,3,213_2,213_2_tile,1,NULL
2,3,216_2,216_2_tile,2,3,215_2,215_2_tile,1,NULL
2,3,216_2,216_2_tile,2,3,217_2,217_2_tile,1,NULL
2,3,216_2,216_2_tile,2,3,218_2,218_2_tile,1,NULL
2,3,215_2,215_2_tile,2,3,215_1,215_1_tile,1,NULL
2,3,215_2,215_2_tile,2,3,213_2,213_2_tile,1,NULL
2,3,215_2,215_2_tile,2,3,214_2,214_2_tile,1,NULL
2,3,215_2,215_2_tile,2,3,216_2,216_2_tile,1,NULL
2,3,215_2,215_2_tile,2,3,218_2,218_2_tile,1,NULL
2,3,215_2,215_2_tile,2,3,217_2,217_2_tile,1,NULL
2,3,214_1,214_1_tile,2,3,214_2,214_2_tile,1,NULL
2,3,214_1,214_1_tile,2,3,216_1,216_1_tile,0,NULL
2,3,118_2,118_2_tile,2,3,117_2,117_2_tile,1,NULL
2,3,118_2,118_2_tile,2,3,110_2,110_2_tile,1,NULL
2,3,118_2,118_2_tile,2,3,119_2,119_2_tile,1,NULL
2,3,119_2,119_2_tile,2,3,118_2,118_2_tile,1,NULL
2,3,119_2,119_2_tile,2,3,110_2,110_2_tile,1,NULL
2,3,119_2,119_2_tile,2,3,128_2,128_2_tile,1,NULL
2,3,119_2,119_2_tile,2,3,120_2,120_2_tile,1,NULL
2,3,217_2,217_2_tile,2,3,215_2,215_2_tile,1,NULL
2,3,217_2,217_2_tile,2,3,216_2,216_2_tile,1,NULL
2,3,217_2,217_2_tile,2,3,218_2,218_2_tile,1,NULL
2,3,217_2,217_2_tile,2,3,220_2,220_2_tile,1,NULL
2,3,217_2,217_2_tile,2,3,219_2,219_2_tile,1,NULL
2,3,218_2,218_2_tile,2,3,216_2,216_2_tile,1,NULL
2,3,218_2,218_2_tile,2,3,215_2,215_2_tile,1,NULL
2,3,218_2,218_2_tile,2,3,217_2,217_2_tile,1,NULL
2,3,218_2,218_2_tile,2,3,219_2,219_2_tile,1,NULL
2,3,218_2,218_2_tile,2,3,220_2,220_2_tile,1,NULL
2,3,215_1,215_1_tile,2,3,215_2,215_2_tile,1,NULL
2,3,216_1,216_1_tile,2,3,216_2,216_2_tile,1,NULL
2,3,216_1,216_1_tile,2,3,214_1,214_1_tile,0,NULL
2,3,128_2,128_2_tile,2,3,119_2,119_2_tile,1,NULL
2,3,128_2,128_2_tile,2,3,120_2,120_2_tile,1,NULL
2,3,128_2,128_2_tile,2,3,121_2,121_2_tile,1,NULL
2,3,128_2,128_2_tile,2,3,122_2,122_2_tile,1,NULL
2,3,128_2,128_2_tile,2,3,129_2,129_2_tile,1,NULL
2,3,120_2,120_2_tile,2,3,119_2,119_2_tile,1,NULL
2,3,120_2,120_2_tile,2,3,128_2,128_2_tile,1,NULL
2,3,120_2,120_2_tile,2,3,121_2,121_2_tile,1,NULL
2,3,220_2,220_2_tile,2,3,218_2,218_2_tile,1,NULL
2,3,220_2,220_2_tile,2,3,217_2,217_2_tile,1,NULL
2,3,220_2,220_2_tile,2,3,219_2,219_2_tile,1,NULL
2,3,220_2,220_2_tile,2,3,221_2,221_2_tile,1,NULL
2,3,220_2,220_2_tile,2,3,222_2,222_2_tile,1,NULL
2,3,219_2,219_2_tile,2,3,217_2,217_2_tile,1,NULL
2,3,219_2,219_2_tile,2,3,218_2,218_2_tile,1,NULL
2,3,219_2,219_2_tile,2,3,220_2,220_2_tile,1,NULL
2,3,219_2,219_2_tile,2,3,222_2,222_2_tile,1,NULL
2,3,219_2,219_2_tile,2,3,221_2,221_2_tile,1,NULL
2,3,121_2,121_2_tile,2,3,120_2,120_2_tile,1,NULL
2,3,121_2,121_2_tile,2,3,128_2,128_2_tile,1,NULL
2,3,121_2,121_2_tile,2,3,129_2,129_2_tile,1,NULL
2,3,121_2,121_2_tile,2,3,122_2,122_2_tile,1,NULL
2,3,122_2,122_2_tile,2,3,121_2,121_2_tile,1,NULL
2,3,122_2,122_2_tile,2,3,128_2,128_2_tile,1,NULL
2,3,122_2,122_2_tile,2,3,129_2,129_2_tile,1,NULL
2,3,122_2,122_2_tile,2,3,123_2,123_2_tile,1,NULL
2,3,129_2,129_2_tile,2,3,128_2,128_2_tile,1,NULL
2,3,129_2,129_2_tile,2,3,121_2,121_2_tile,1,NULL
2,3,129_2,129_2_tile,2,3,122_2,122_2_tile,1,NULL
2,3,129_2,129_2_tile,2,3,123_2,123_2_tile,1,NULL
2,3,129_2,129_2_tile,2,3,124_2,124_2_tile,1,NULL
2,3,221_2,221_2_tile,2,3,219_2,219_2_tile,1,NULL
2,3,221_2,221_2_tile,2,3,220_2,220_2_tile,1,NULL
2,3,221_2,221_2_tile,2,3,222_2,222_2_tile,1,NULL
2,3,221_2,221_2_tile,2,3,250_2,250_2_tile,1,NULL
2,3,221_2,221_2_tile,2,3,223_2,223_2_tile,1,NULL
2,3,222_2,222_2_tile,2,3,220_2,220_2_tile,1,NULL
2,3,222_2,222_2_tile,2,3,219_2,219_2_tile,1,NULL
2,3,222_2,222_2_tile,2,3,221_2,221_2_tile,1,NULL
2,3,222_2,222_2_tile,2,3,223_2,223_2_tile,1,NULL
2,3,222_2,222_2_tile,2,3,250_2,250_2_tile,1,NULL
2,3,123_2,123_2_tile,2,3,122_2,122_2_tile,1,NULL
2,3,123_2,123_2_tile,2,3,129_2,129_2_tile,1,NULL
2,3,123_2,123_2_tile,2,3,124_2,124_2_tile,1,NULL
2,3,124_2,124_2_tile,2,3,123_2,123_2_tile,1,NULL
2,3,124_2,124_2_tile,2,3,129_2,129_2_tile,1,NULL
2,3,124_2,124_2_tile,2,3,125_2,125_2_tile,1,NULL
2,3,250_2,250_2_tile,2,3,222_2,222_2_tile,1,NULL
2,3,250_2,250_2_tile,2,3,221_2,221_2_tile,1,NULL
2,3,250_2,250_2_tile,2,3,223_2,223_2_tile,1,NULL
2,3,250_2,250_2_tile,2,3,225_2,225_2_tile,1,NULL
2,3,250_2,250_2_tile,2,3,224_2,224_2_tile,1,NULL
2,3,223_2,223_2_tile,2,3,223_1,223_1_tile,1,NULL
2,3,223_2,223_2_tile,2,3,221_2,221_2_tile,1,NULL
2,3,223_2,223_2_tile,2,3,222_2,222_2_tile,1,NULL
2,3,223_2,223_2_tile,2,3,250_2,250_2_tile,1,NULL
2,3,223_2,223_2_tile,2,3,224_2,224_2_tile,1,NULL
2,3,223_2,223_2_tile,2,3,225_2,225_2_tile,1,NULL
2,3,125_2,125_2_tile,2,3,125_1,125_1_tile,1,NULL
2,3,125_2,125_2_tile,2,3,124_2,124_2_tile,1,NULL
2,3,125_2,125_2_tile,2,3,130_2,130_2_tile,1,NULL
2,3,125_2,125_2_tile,2,3,126_2,126_2_tile,1,NULL
2,3,225_2,225_2_tile,2,3,223_2,223_2_tile,1,NULL
2,3,225_2,225_2_tile,2,3,250_2,250_2_tile,1,NULL
2,3,225_2,225_2_tile,2,3,224_2,224_2_tile,1,NULL
2,3,225_2,225_2_tile,2,3,226_2,226_2_tile,1,NULL
2,3,225_2,225_2_tile,2,3,227_2,227_2_tile,1,NULL
2,3,224_2,224_2_tile,2,3,250_2,250_2_tile,1,NULL
2,3,224_2,224_2_tile,2,3,223_2,223_2_tile,1,NULL
2,3,224_2,224_2_tile,2,3,225_2,225_2_tile,1,NULL
2,3,224_2,224_2_tile,2,3,227_2,227_2_tile,1,NULL
2,3,224_2,224_2_tile,2,3,226_2,226_2_tile,1,NULL
2,3,223_1,223_1_tile,2,3,223_2,223_2_tile,1,NULL
2,3,125_1,125_1_tile,2,3,125_2,125_2_tile,1,NULL
2,3,125_1,125_1_tile,2,3,126_1,126_1_tile,0,NULL
2,3,130_2,130_2_tile,2,3,125_2,125_2_tile,1,NULL
2,3,130_2,130_2_tile,2,3,126_2,126_2_tile,1,NULL
2,3,130_2,130_2_tile,2,3,127_2,127_2_tile,1,NULL
2,3,130_2,130_2_tile,2,3,131_2,131_2_tile,1,NULL
2,3,126_2,126_2_tile,2,3,126_1,126_1_tile,1,NULL
2,3,126_2,126_2_tile,2,3,125_2,125_2_tile,1,NULL
2,3,126_2,126_2_tile,2,3,130_2,130_2_tile,1,NULL
2,3,126_2,126_2_tile,2,3,127_2,127_2_tile,1,NULL
2,3,226_2,226_2_tile,2,3,224_2,224_2_tile,1,NULL
2,3,226_2,226_2_tile,2,3,225_2,225_2_tile,1,NULL
2,3,226_2,226_2_tile,2,3,227_2,227_2_tile,1,NULL
2,3,226_2,226_2_tile,2,3,229_2,229_2_tile,1,NULL
2,3,226_2,226_2_tile,2,3,228_2,228_2_tile,1,NULL
2,3,227_2,227_2_tile,2,3,226_2,226_2_tile,1,NULL
2,3,227_2,227_2_tile,2,3,224_2,224_2_tile,1,NULL
2,3,227_2,227_2_tile,2,3,225_2,225_2_tile,1,NULL
2,3,227_2,227_2_tile,2,3,229_2,229_2_tile,1,NULL
2,3,227_2,227_2_tile,2,3,228_2,228_2_tile,1,NULL
2,3,126_1,126_1_tile,2,3,126_2,126_2_tile,1,NULL
2,3,126_1,126_1_tile,2,3,125_1,125_1_tile,0,NULL
2,3,127_2,127_2_tile,2,3,126_2,126_2_tile,1,NULL
2,3,127_2,127_2_tile,2,3,130_2,130_2_tile,1,NULL
2,3,127_2,127_2_tile,2,3,131_2,131_2_tile,1,NULL
2,3,127_2,127_2_tile,2,3,132_2,132_2_tile,1,NULL
2,3,131_2,131_2_tile,2,3,130_2,130_2_tile,1,NULL
2,3,131_2,131_2_tile,2,3,127_2,127_2_tile,1,NULL
2,3,131_2,131_2_tile,2,3,132_2,132_2_tile,1,NULL
2,3,229_2,229_2_tile,2,3,227_2,227_2_tile,1,NULL
2,3,229_2,229_2_tile,2,3,226_2,226_2_tile,1,NULL
2,3,229_2,229_2_tile,2,3,228_2,228_2_tile,1,NULL
2,3,229_2,229_2_tile,2,3,230_2,230_2_tile,1,NULL
2,3,229_2,229_2_tile,2,3,231_2,231_2_tile,1,NULL
2,3,228_2,228_2_tile,2,3,229_2,229_2_tile,1,NULL
2,3,228_2,228_2_tile,2,3,227_2,227_2_tile,1,NULL
2,3,228_2,228_2_tile,2,3,226_2,226_2_tile,1,NULL
2,3,228_2,228_2_tile,2,3,231_2,231_2_tile,1,NULL
2,3,228_2,228_2_tile,2,3,230_2,230_2_tile,1,NULL
2,3,132_2,132_2_tile,2,3,131_2,131_2_tile,1,NULL
2,3,132_2,132_2_tile,2,3,127_2,127_2_tile,1,NULL
2,3,132_2,132_2_tile,2,3,133_2,133_2_tile,1,NULL
2,3,230_2,230_2_tile,2,3,230_1,230_1_tile,1,NULL
2,3,230_2,230_2_tile,2,3,228_2,228_2_tile,1,NULL
2,3,230_2,230_2_tile,2,3,229_2,229_2_tile,1,NULL
2,3,230_2,230_2_tile,2,3,231_2,231_2_tile,1,NULL
2,3,230_2,230_2_tile,2,3,233_2,233_2_tile,1,NULL
2,3,230_2,230_2_tile,2,3,232_2,232_2_tile,1,NULL
2,3,231_2,231_2_tile,2,3,229_2,229_2_tile,1,NULL
2,3,231_2,231_2_tile,2,3,228_2,228_2_tile,1,NULL
2,3,231_2,231_2_tile,2,3,230_2,230_2_tile,1,NULL
2,3,231_2,231_2_tile,2,3,232_2,232_2_tile,1,NULL
2,3,231_2,231_2_tile,2,3,233_2,233_2_tile,1,NULL
2,3,133_2,133_2_tile,2,3,132_2,132_2_tile,1,NULL
2,3,133_2,133_2_tile,2,3,134_2,134_2_tile,1,NULL
2,3,230_1,230_1_tile,2,3,230_2,230_2_tile,1,NULL
2,3,233_2,233_2_tile,2,3,231_2,231_2_tile,1,NULL
2,3,233_2,233_2_tile,2,3,230_2,230_2_tile,1,NULL
2,3,233_2,233_2_tile,2,3,232_2,232_2_tile,1,NULL
2,3,233_2,233_2_tile,2,3,234_2,234_2_tile,1,NULL
2,3,233_2,233_2_tile,2,3,235_2,235_2_tile,1,NULL
2,3,232_2,232_2_tile,2,3,230_2,230_2_tile,1,NULL
2,3,232_2,232_2_tile,2,3,231_2,231_2_tile,1,NULL
2,3,232_2,232_2_tile,2,3,233_2,233_2_tile,1,NULL
2,3,232_2,232_2_tile,2,3,235_2,235_2_tile,1,NULL
2,3,232_2,232_2_tile,2,3,234_2,234_2_tile,1,NULL
2,3,134_2,134_2_tile,2,3,133_2,133_2_tile,1,NULL
2,3,134_2,134_2_tile,2,3,135_2,135_2_tile,1,NULL
2,3,234_2,234_2_tile,2,3,232_2,232_2_tile,1,NULL
2,3,234_2,234_2_tile,2,3,233_2,233_2_tile,1,NULL
2,3,234_2,234_2_tile,2,3,235_2,235_2_tile,1,NULL
2,3,234_2,234_2_tile,2,3,236_2,236_2_tile,1,NULL
2,3,234_2,234_2_tile,2,3,237_2,237_2_tile,1,NULL
2,3,235_2,235_2_tile,2,3,233_2,233_2_tile,1,NULL
2,3,235_2,235_2_tile,2,3,232_2,232_2_tile,1,NULL
2,3,235_2,235_2_tile,2,3,234_2,234_2_tile,1,NULL
2,3,235_2,235_2_tile,2,3,236_2,236_2_tile,1,NULL
2,3,235_2,235_2_tile,2,3,237_2,237_2_tile,1,NULL
2,3,135_2,135_2_tile,2,3,134_2,134_2_tile,1,NULL
2,3,135_2,135_2_tile,2,3,136_2,136_2_tile,1,NULL
2,3,135_2,135_2_tile,2,3,137_2,137_2_tile,1,NULL
2,3,236_2,236_2_tile,2,3,236_1,236_1_tile,1,NULL
2,3,236_2,236_2_tile,2,3,234_2,234_2_tile,1,NULL
2,3,236_2,236_2_tile,2,3,235_2,235_2_tile,1,NULL
2,3,236_2,236_2_tile,2,3,237_2,237_2_tile,1,NULL
2,3,236_2,236_2_tile,2,3,239_2,239_2_tile,1,NULL
2,3,236_2,236_2_tile,2,3,238_2,238_2_tile,1,NULL
2,3,237_2,237_2_tile,2,3,236_2,236_2_tile,1,NULL
2,3,237_2,237_2_tile,2,3,234_2,234_2_tile,1,NULL
2,3,237_2,237_2_tile,2,3,235_2,235_2_tile,1,NULL
2,3,237_2,237_2_tile,2,3,238_2,238_2_tile,1,NULL
2,3,237_2,237_2_tile,2,3,239_2,239_2_tile,1,NULL
2,3,136_2,136_2_tile,2,3,136_1,136_1_tile,1,NULL
2,3,136_2,136_2_tile,2,3,137_2,137_2_tile,1,NULL
2,3,136_2,136_2_tile,2,3,248_2,248_2_tile,1,NULL
2,3,136_2,136_2_tile,2,3,247_2,247_2_tile,1,NULL
2,3,136_2,136_2_tile,2,3,135_2,135_2_tile,1,NULL
2,3,137_2,137_2_tile,2,3,136_2,136_2_tile,1,NULL
2,3,137_2,137_2_tile,2,3,135_2,135_2_tile,1,NULL
2,3,137_2,137_2_tile,2,3,248_2,248_2_tile,1,NULL
2,3,137_2,137_2_tile,2,3,247_2,247_2_tile,1,NULL
2,3,236_1,236_1_tile,2,3,236_2,236_2_tile,1,NULL
2,3,239_2,239_2_tile,2,3,237_2,237_2_tile,1,NULL
2,3,239_2,239_2_tile,2,3,236_2,236_2_tile,1,NULL
2,3,239_2,239_2_tile,2,3,238_2,238_2_tile,1,NULL
2,3,239_2,239_2_tile,2,3,243_2,243_2_tile,1,NULL
2,3,239_2,239_2_tile,2,3,242_2,242_2_tile,1,NULL
2,3,238_2,238_2_tile,2,3,236_2,236_2_tile,1,NULL
2,3,238_2,238_2_tile,2,3,237_2,237_2_tile,1,NULL
2,3,238_2,238_2_tile,2,3,239_2,239_2_tile,1,NULL
2,3,238_2,238_2_tile,2,3,243_2,243_2_tile,1,NULL
2,3,238_2,238_2_tile,2,3,242_2,242_2_tile,1,NULL
2,3,136_1,136_1_tile,2,3,136_2,136_2_tile,1,NULL
2,3,248_2,248_2_tile,2,3,137_2,137_2_tile,1,NULL
2,3,248_2,248_2_tile,2,3,136_2,136_2_tile,1,NULL
2,3,248_2,248_2_tile,2,3,247_2,247_2_tile,1,NULL
2,3,248_2,248_2_tile,2,3,246_2,246_2_tile,1,NULL
2,3,247_2,247_2_tile,2,3,247_1,247_1_tile,1,NULL
2,3,247_2,247_2_tile,2,3,248_2,248_2_tile,1,NULL
2,3,247_2,247_2_tile,2,3,137_2,137_2_tile,1,NULL
2,3,247_2,247_2_tile,2,3,136_2,136_2_tile,1,NULL
2,3,247_2,247_2_tile,2,3,246_2,246_2_tile,1,NULL
2,3,243_2,243_2_tile,2,3,244_2,244_2_tile,1,NULL
2,3,243_2,243_2_tile,2,3,239_2,239_2_tile,1,NULL
2,3,243_2,243_2_tile,2,3,238_2,238_2_tile,1,NULL
2,3,243_2,243_2_tile,2,3,242_2,242_2_tile,1,NULL
2,3,243_2,243_2_tile,2,3,243_1,243_1_tile,1,NULL
2,3,242_2,242_2_tile,2,3,238_2,238_2_tile,1,NULL
2,3,242_2,242_2_tile,2,3,239_2,239_2_tile,1,NULL
2,3,242_2,242_2_tile,2,3,243_2,243_2_tile,1,NULL
2,3,242_2,242_2_tile,2,3,242_1,242_1_tile,1,NULL
2,3,242_2,242_2_tile,2,3,241_2,241_2_tile,1,NULL
2,3,246_2,246_2_tile,2,3,247_2,247_2_tile,1,NULL
2,3,246_2,246_2_tile,2,3,248_2,248_2_tile,1,NULL
2,3,246_2,246_2_tile,2,3,245_2,245_2_tile,1,NULL
2,3,247_1,247_1_tile,2,3,247_2,247_2_tile,1,NULL
2,3,244_2,244_2_tile,2,3,243_2,243_2_tile,1,NULL
2,3,244_2,244_2_tile,2,3,245_2,245_2_tile,1,NULL
2,3,243_1,243_1_tile,2,3,243_2,243_2_tile,1,NULL
2,3,243_1,243_1_tile,2,3,242_1,242_1_tile,0,NULL
2,3,242_1,242_1_tile,2,3,242_2,242_2_tile,1,NULL
2,3,242_1,242_1_tile,2,3,243_1,243_1_tile,0,NULL
2,3,241_2,241_2_tile,2,3,242_2,242_2_tile,1,NULL
2,3,241_2,241_2_tile,2,3,240_2,240_2_tile,1,NULL
2,3,245_2,245_2_tile,2,3,246_2,246_2_tile,1,NULL
2,3,245_2,245_2_tile,2,3,244_2,244_2_tile,1,NULL
2,3,240_2,240_2_tile,2,3,241_2,241_2_tile,1,NULL
2,4,201_2,201_2_tile,2,4,202_2,202_2_tile,1,NULL
2,4,201_2,201_2_tile,2,4,147_2,147_2_tile,1,NULL
2,4,201_2,201_2_tile,2,4,146_2,146_2_tile,1,NULL
2,4,202_2,202_2_tile,2,4,201_2,201_2_tile,1,NULL
2,4,202_2,202_2_tile,2,4,203_2,203_2_tile,1,NULL
2,4,147_2,147_2_tile,2,4,146_2,146_2_tile,1,NULL
2,4,147_2,147_2_tile,2,4,101_2,101_2_tile,1,NULL
2,4,147_2,147_2_tile,2,4,201_2,201_2_tile,1,NULL
2,4,146_2,146_2_tile,2,4,147_2,147_2_tile,1,NULL
2,4,146_2,146_2_tile,2,4,101_2,101_2_tile,1,NULL
2,4,146_2,146_2_tile,2,4,201_2,201_2_tile,1,NULL
2,4,203_2,203_2_tile,2,4,202_2,202_2_tile,1,NULL
2,4,203_2,203_2_tile,2,4,204_2,204_2_tile,1,NULL
2,4,203_2,203_2_tile,2,4,207_2,207_2_tile,1,NULL
2,4,203_2,203_2_tile,2,4,208_2,208_2_tile,1,NULL
2,4,101_2,101_2_tile,2,4,146_2,146_2_tile,1,NULL
2,4,101_2,101_2_tile,2,4,147_2,147_2_tile,1,NULL
2,4,101_2,101_2_tile,2,4,102_2,102_2_tile,1,NULL
2,4,204_2,204_2_tile,2,4,203_2,203_2_tile,1,NULL
2,4,204_2,204_2_tile,2,4,205_2,205_2_tile,1,NULL
2,4,204_2,204_2_tile,2,4,207_2,207_2_tile,1,NULL
2,4,204_2,204_2_tile,2,4,208_2,208_2_tile,1,NULL
2,4,207_2,207_2_tile,2,4,203_2,203_2_tile,1,NULL
2,4,207_2,207_2_tile,2,4,204_2,204_2_tile,1,NULL
2,4,207_2,207_2_tile,2,4,208_2,208_2_tile,1,NULL
2,4,207_2,207_2_tile,2,4,209_2,209_2_tile,1,NULL
2,4,207_2,207_2_tile,2,4,210_2,210_2_tile,1,NULL
2,4,208_2,208_2_tile,2,4,204_2,204_2_tile,1,NULL
2,4,208_2,208_2_tile,2,4,203_2,203_2_tile,1,NULL
2,4,208_2,208_2_tile,2,4,207_2,207_2_tile,1,NULL
2,4,208_2,208_2_tile,2,4,209_2,209_2_tile,1,NULL
2,4,208_2,208_2_tile,2,4,210_2,210_2_tile,1,NULL
2,4,102_2,102_2_tile,2,4,101_2,101_2_tile,1,NULL
2,4,102_2,102_2_tile,2,4,103_2,103_2_tile,1,NULL
2,4,205_2,205_2_tile,2,4,204_2,204_2_tile,1,NULL
2,4,205_2,205_2_tile,2,4,206_2,206_2_tile,1,NULL
2,4,209_2,209_2_tile,2,4,207_2,207_2_tile,1,NULL
2,4,209_2,209_2_tile,2,4,208_2,208_2_tile,1,NULL
2,4,209_2,209_2_tile,2,4,210_2,210_2_tile,1,NULL
2,4,209_2,209_2_tile,2,4,212_2,212_2_tile,1,NULL
2,4,209_2,209_2_tile,2,4,211_2,211_2_tile,1,NULL
2,4,210_2,210_2_tile,2,4,208_2,208_2_tile,1,NULL
2,4,210_2,210_2_tile,2,4,207_2,207_2_tile,1,NULL
2,4,210_2,210_2_tile,2,4,209_2,209_2_tile,1,NULL
2,4,210_2,210_2_tile,2,4,211_2,211_2_tile,1,NULL
2,4,210_2,210_2_tile,2,4,212_2,212_2_tile,1,NULL
2,4,103_2,103_2_tile,2,4,102_2,102_2_tile,1,NULL
2,4,103_2,103_2_tile,2,4,104_2,104_2_tile,1,NULL
2,4,206_2,206_2_tile,2,4,205_2,205_2_tile,1,NULL
2,4,212_2,212_2_tile,2,4,210_2,210_2_tile,1,NULL
2,4,212_2,212_2_tile,2,4,209_2,209_2_tile,1,NULL
2,4,212_2,212_2_tile,2,4,211_2,211_2_tile,1,NULL
2,4,212_2,212_2_tile,2,4,213_2,213_2_tile,1,NULL
2,4,212_2,212_2_tile,2,4,214_2,214_2_tile,1,NULL
2,4,211_2,211_2_tile,2,4,212_2,212_2_tile,1,NULL
2,4,211_2,211_2_tile,2,4,210_2,210_2_tile,1,NULL
2,4,211_2,211_2_tile,2,4,209_2,209_2_tile,1,NULL
2,4,211_2,211_2_tile,2,4,213_2,213_2_tile,1,NULL
2,4,211_2,211_2_tile,2,4,214_2,214_2_tile,1,NULL
2,4,104_2,104_2_tile,2,4,103_2,103_2_tile,1,NULL
2,4,104_2,104_2_tile,2,4,105_2,105_2_tile,1,NULL
2,4,104_2,104_2_tile,2,4,106_2,106_2_tile,1,NULL
2,4,104_2,104_2_tile,2,4,107_2,107_2_tile,1,NULL
2,4,104_2,104_2_tile,2,4,124_2,124_2_tile,1,NULL
2,4,213_2,213_2_tile,2,4,211_2,211_2_tile,1,NULL
2,4,213_2,213_2_tile,2,4,212_2,212_2_tile,1,NULL
2,4,213_2,213_2_tile,2,4,214_2,214_2_tile,1,NULL
2,4,213_2,213_2_tile,2,4,216_2,216_2_tile,1,NULL
2,4,213_2,213_2_tile,2,4,215_2,215_2_tile,1,NULL
2,4,214_2,214_2_tile,2,4,212_2,212_2_tile,1,NULL
2,4,214_2,214_2_tile,2,4,211_2,211_2_tile,1,NULL
2,4,214_2,214_2_tile,2,4,213_2,213_2_tile,1,NULL
2,4,214_2,214_2_tile,2,4,215_2,215_2_tile,1,NULL
2,4,214_2,214_2_tile,2,4,216_2,216_2_tile,1,NULL
2,4,105_2,105_2_tile,2,4,104_2,104_2_tile,1,NULL
2,4,105_2,105_2_tile,2,4,106_2,106_2_tile,1,NULL
2,4,106_2,106_2_tile,2,4,105_2,105_2_tile,1,NULL
2,4,106_2,106_2_tile,2,4,104_2,104_2_tile,1,NULL
2,4,106_2,106_2_tile,2,4,107_2,107_2_tile,1,NULL
2,4,106_2,106_2_tile,2,4,124_2,124_2_tile,1,NULL
2,4,107_2,107_2_tile,2,4,106_2,106_2_tile,1,NULL
2,4,107_2,107_2_tile,2,4,108_2,108_2_tile,1,NULL
2,4,107_2,107_2_tile,2,4,124_2,124_2_tile,1,NULL
2,4,107_2,107_2_tile,2,4,125_2,125_2_tile,1,NULL
2,4,107_2,107_2_tile,2,4,104_2,104_2_tile,1,NULL
2,4,124_2,124_2_tile,2,4,104_2,104_2_tile,1,NULL
2,4,124_2,124_2_tile,2,4,106_2,106_2_tile,1,NULL
2,4,124_2,124_2_tile,2,4,107_2,107_2_tile,1,NULL
2,4,124_2,124_2_tile,2,4,108_2,108_2_tile,1,NULL
2,4,124_2,124_2_tile,2,4,125_2,125_2_tile,1,NULL
2,4,216_2,216_2_tile,2,4,214_2,214_2_tile,1,NULL
2,4,216_2,216_2_tile,2,4,213_2,213_2_tile,1,NULL
2,4,216_2,216_2_tile,2,4,215_2,215_2_tile,1,NULL
2,4,216_2,216_2_tile,2,4,217_2,217_2_tile,1,NULL
2,4,216_2,216_2_tile,2,4,218_2,218_2_tile,1,NULL
2,4,215_2,215_2_tile,2,4,213_2,213_2_tile,1,NULL
2,4,215_2,215_2_tile,2,4,214_2,214_2_tile,1,NULL
2,4,215_2,215_2_tile,2,4,216_2,216_2_tile,1,NULL
2,4,215_2,215_2_tile,2,4,218_2,218_2_tile,1,NULL
2,4,215_2,215_2_tile,2,4,217_2,217_2_tile,1,NULL
2,4,108_2,108_2_tile,2,4,107_2,107_2_tile,1,NULL
2,4,108_2,108_2_tile,2,4,124_2,124_2_tile,1,NULL
2,4,108_2,108_2_tile,2,4,125_2,125_2_tile,1,NULL
2,4,108_2,108_2_tile,2,4,109_2,109_2_tile,1,NULL
2,4,108_2,108_2_tile,2,4,126_2,126_2_tile,1,NULL
2,4,125_2,125_2_tile,2,4,124_2,124_2_tile,1,NULL
2,4,125_2,125_2_tile,2,4,107_2,107_2_tile,1,NULL
2,4,125_2,125_2_tile,2,4,108_2,108_2_tile,1,NULL
2,4,125_2,125_2_tile,2,4,109_2,109_2_tile,1,NULL
2,4,125_2,125_2_tile,2,4,126_2,126_2_tile,1,NULL
2,4,217_2,217_2_tile,2,4,215_2,215_2_tile,1,NULL
2,4,217_2,217_2_tile,2,4,216_2,216_2_tile,1,NULL
2,4,217_2,217_2_tile,2,4,218_2,218_2_tile,1,NULL
2,4,217_2,217_2_tile,2,4,220_2,220_2_tile,1,NULL
2,4,217_2,217_2_tile,2,4,219_2,219_2_tile,1,NULL
2,4,218_2,218_2_tile,2,4,216_2,216_2_tile,1,NULL
2,4,218_2,218_2_tile,2,4,215_2,215_2_tile,1,NULL
2,4,218_2,218_2_tile,2,4,217_2,217_2_tile,1,NULL
2,4,218_2,218_2_tile,2,4,219_2,219_2_tile,1,NULL
2,4,218_2,218_2_tile,2,4,220_2,220_2_tile,1,NULL
2,4,109_2,109_2_tile,2,4,108_2,108_2_tile,1,NULL
2,4,109_2,109_2_tile,2,4,125_2,125_2_tile,1,NULL
2,4,109_2,109_2_tile,2,4,110_2,110_2_tile,1,NULL
2,4,109_2,109_2_tile,2,4,126_2,126_2_tile,1,NULL
2,4,109_2,109_2_tile,2,4,127_2,127_2_tile,1,NULL
2,4,126_2,126_2_tile,2,4,125_2,125_2_tile,1,NULL
2,4,126_2,126_2_tile,2,4,108_2,108_2_tile,1,NULL
2,4,126_2,126_2_tile,2,4,109_2,109_2_tile,1,NULL
2,4,126_2,126_2_tile,2,4,110_2,110_2_tile,1,NULL
2,4,126_2,126_2_tile,2,4,127_2,127_2_tile,1,NULL
2,4,220_2,220_2_tile,2,4,218_2,218_2_tile,1,NULL
2,4,220_2,220_2_tile,2,4,217_2,217_2_tile,1,NULL
2,4,220_2,220_2_tile,2,4,219_2,219_2_tile,1,NULL
2,4,219_2,219_2_tile,2,4,217_2,217_2_tile,1,NULL
2,4,219_2,219_2_tile,2,4,218_2,218_2_tile,1,NULL
2,4,219_2,219_2_tile,2,4,220_2,220_2_tile,1,NULL
2,4,110_2,110_2_tile,2,4,109_2,109_2_tile,1,NULL
2,4,110_2,110_2_tile,2,4,126_2,126_2_tile,1,NULL
2,4,110_2,110_2_tile,2,4,127_2,127_2_tile,1,NULL
2,4,110_2,110_2_tile,2,4,128_2,128_2_tile,1,NULL
2,4,110_2,110_2_tile,2,4,111_2,111_2_tile,1,NULL
2,4,127_2,127_2_tile,2,4,126_2,126_2_tile,1,NULL
2,4,127_2,127_2_tile,2,4,109_2,109_2_tile,1,NULL
2,4,127_2,127_2_tile,2,4,110_2,110_2_tile,1,NULL
2,4,127_2,127_2_tile,2,4,111_2,111_2_tile,1,NULL
2,4,127_2,127_2_tile,2,4,128_2,128_2_tile,1,NULL
2,4,128_2,128_2_tile,2,4,127_2,127_2_tile,1,NULL
2,4,128_2,128_2_tile,2,4,110_2,110_2_tile,1,NULL
2,4,128_2,128_2_tile,2,4,111_2,111_2_tile,1,NULL
2,4,128_2,128_2_tile,2,4,112_2,112_2_tile,1,NULL
2,4,128_2,128_2_tile,2,4,129_2,129_2_tile,1,NULL
2,4,111_2,111_2_tile,2,4,110_2,110_2_tile,1,NULL
2,4,111_2,111_2_tile,2,4,127_2,127_2_tile,1,NULL
2,4,111_2,111_2_tile,2,4,128_2,128_2_tile,1,NULL
2,4,111_2,111_2_tile,2,4,129_2,129_2_tile,1,NULL
2,4,111_2,111_2_tile,2,4,112_2,112_2_tile,1,NULL
2,4,112_2,112_2_tile,2,4,111_2,111_2_tile,1,NULL
2,4,112_2,112_2_tile,2,4,128_2,128_2_tile,1,NULL
2,4,112_2,112_2_tile,2,4,129_2,129_2_tile,1,NULL
2,4,112_2,112_2_tile,2,4,113_2,113_2_tile,1,NULL
2,4,112_2,112_2_tile,2,4,130_2,130_2_tile,1,NULL
2,4,129_2,129_2_tile,2,4,129_1,129_1_tile,1,NULL
2,4,129_2,129_2_tile,2,4,128_2,128_2_tile,1,NULL
2,4,129_2,129_2_tile,2,4,111_2,111_2_tile,1,NULL
2,4,129_2,129_2_tile,2,4,112_2,112_2_tile,1,NULL
2,4,129_2,129_2_tile,2,4,113_2,113_2_tile,1,NULL
2,4,129_2,129_2_tile,2,4,130_2,130_2_tile,1,NULL
2,4,113_2,113_2_tile,2,4,112_2,112_2_tile,1,NULL
2,4,113_2,113_2_tile,2,4,129_2,129_2_tile,1,NULL
2,4,113_2,113_2_tile,2,4,130_2,130_2_tile,1,NULL
2,4,113_2,113_2_tile,2,4,131_2,131_2_tile,1,NULL
2,4,113_2,113_2_tile,2,4,114_2,114_2_tile,1,NULL
2,4,130_2,130_2_tile,2,4,129_2,129_2_tile,1,NULL
2,4,130_2,130_2_tile,2,4,112_2,112_2_tile,1,NULL
2,4,130_2,130_2_tile,2,4,113_2,113_2_tile,1,NULL
2,4,130_2,130_2_tile,2,4,114_2,114_2_tile,1,NULL
2,4,130_2,130_2_tile,2,4,131_2,131_2_tile,1,NULL
2,4,129_1,129_1_tile,2,4,129_2,129_2_tile,1,NULL
2,4,131_2,131_2_tile,2,4,130_2,130_2_tile,1,NULL
2,4,131_2,131_2_tile,2,4,113_2,113_2_tile,1,NULL
2,4,131_2,131_2_tile,2,4,114_2,114_2_tile,1,NULL
2,4,131_2,131_2_tile,2,4,132_2,132_2_tile,1,NULL
2,4,114_2,114_2_tile,2,4,113_2,113_2_tile,1,NULL
2,4,114_2,114_2_tile,2,4,130_2,130_2_tile,1,NULL
2,4,114_2,114_2_tile,2,4,131_2,131_2_tile,1,NULL
2,4,114_2,114_2_tile,2,4,132_2,132_2_tile,1,NULL
2,4,132_2,132_2_tile,2,4,131_2,131_2_tile,1,NULL
2,4,132_2,132_2_tile,2,4,114_2,114_2_tile,1,NULL
2,4,132_2,132_2_tile,2,4,115_2,115_2_tile,1,NULL
2,4,132_2,132_2_tile,2,4,133_2,133_2_tile,1,NULL
2,4,115_2,115_2_tile,2,4,132_2,132_2_tile,1,NULL
2,4,115_2,115_2_tile,2,4,133_2,133_2_tile,1,NULL
2,4,115_2,115_2_tile,2,4,134_2,134_2_tile,1,NULL
2,4,115_2,115_2_tile,2,4,135_2,135_2_tile,1,NULL
2,4,115_2,115_2_tile,2,4,116_2,116_2_tile,1,NULL
2,4,133_2,133_2_tile,2,4,132_2,132_2_tile,1,NULL
2,4,133_2,133_2_tile,2,4,115_2,115_2_tile,1,NULL
2,4,133_2,133_2_tile,2,4,134_2,134_2_tile,1,NULL
2,4,134_2,134_2_tile,2,4,133_2,133_2_tile,1,NULL
2,4,134_2,134_2_tile,2,4,115_2,115_2_tile,1,NULL
2,4,134_2,134_2_tile,2,4,135_2,135_2_tile,1,NULL
2,4,135_2,135_2_tile,2,4,134_2,134_2_tile,1,NULL
2,4,135_2,135_2_tile,2,4,115_2,115_2_tile,1,NULL
2,4,135_2,135_2_tile,2,4,116_2,116_2_tile,1,NULL
2,4,135_2,135_2_tile,2,4,136_2,136_2_tile,1,NULL
2,4,116_2,116_2_tile,2,4,115_2,115_2_tile,1,NULL
2,4,116_2,116_2_tile,2,4,135_2,135_2_tile,1,NULL
2,4,116_2,116_2_tile,2,4,136_2,136_2_tile,1,NULL
2,4,116_2,116_2_tile,2,4,137_2,137_2_tile,1,NULL
2,4,116_2,116_2_tile,2,4,117_2,117_2_tile,1,NULL
2,4,136_2,136_2_tile,2,4,135_2,135_2_tile,1,NULL
2,4,136_2,136_2_tile,2,4,116_2,116_2_tile,1,NULL
2,4,136_2,136_2_tile,2,4,137_2,137_2_tile,1,NULL
2,4,137_2,137_2_tile,2,4,136_2,136_2_tile,1,NULL
2,4,137_2,137_2_tile,2,4,116_2,116_2_tile,1,NULL
2,4,137_2,137_2_tile,2,4,117_2,117_2_tile,1,NULL
2,4,137_2,137_2_tile,2,4,138_2,138_2_tile,1,NULL
2,4,117_2,117_2_tile,2,4,116_2,116_2_tile,1,NULL
2,4,117_2,117_2_tile,2,4,137_2,137_2_tile,1,NULL
2,4,117_2,117_2_tile,2,4,138_2,138_2_tile,1,NULL
2,4,117_2,117_2_tile,2,4,139_2,139_2_tile,1,NULL
2,4,117_2,117_2_tile,2,4,118_2,118_2_tile,1,NULL
2,4,138_2,138_2_tile,2,4,137_2,137_2_tile,1,NULL
2,4,138_2,138_2_tile,2,4,117_2,117_2_tile,1,NULL
2,4,138_2,138_2_tile,2,4,139_2,139_2_tile,1,NULL
2,4,139_2,139_2_tile,2,4,138_2,138_2_tile,1,NULL
2,4,139_2,139_2_tile,2,4,117_2,117_2_tile,1,NULL
2,4,139_2,139_2_tile,2,4,118_2,118_2_tile,1,NULL
2,4,139_2,139_2_tile,2,4,140_2,140_2_tile,1,NULL
2,4,118_2,118_2_tile,2,4,117_2,117_2_tile,1,NULL
2,4,118_2,118_2_tile,2,4,139_2,139_2_tile,1,NULL
2,4,118_2,118_2_tile,2,4,140_2,140_2_tile,1,NULL
2,4,118_2,118_2_tile,2,4,119_2,119_2_tile,1,NULL
2,4,118_2,118_2_tile,2,4,143_2,143_2_tile,1,NULL
2,4,118_2,118_2_tile,2,4,120_2,120_2_tile,1,NULL
2,4,140_2,140_2_tile,2,4,139_2,139_2_tile,1,NULL
2,4,140_2,140_2_tile,2,4,118_2,118_2_tile,1,NULL
2,4,140_2,140_2_tile,2,4,119_2,119_2_tile,1,NULL
2,4,140_2,140_2_tile,2,4,143_2,143_2_tile,1,NULL
2,4,140_2,140_2_tile,2,4,120_2,120_2_tile,1,NULL
2,4,119_2,119_2_tile,2,4,118_2,118_2_tile,1,NULL
2,4,119_2,119_2_tile,2,4,140_2,140_2_tile,1,NULL
2,4,119_2,119_2_tile,2,4,143_2,143_2_tile,1,NULL
2,4,143_2,143_2_tile,2,4,119_2,119_2_tile,1,NULL
2,4,143_2,143_2_tile,2,4,118_2,118_2_tile,1,NULL
2,4,143_2,143_2_tile,2,4,140_2,140_2_tile,1,NULL
2,4,143_2,143_2_tile,2,4,120_2,120_2_tile,1,NULL
2,4,120_2,120_2_tile,2,4,140_2,140_2_tile,1,NULL
2,4,120_2,120_2_tile,2,4,118_2,118_2_tile,1,NULL
2,4,120_2,120_2_tile,2,4,143_2,143_2_tile,1,NULL
2,4,120_2,120_2_tile,2,4,121_2,121_2_tile,1,NULL
2,4,121_2,121_2_tile,2,4,120_2,120_2_tile,1,NULL
2,4,121_2,121_2_tile,2,4,122_2,122_2_tile,1,NULL
2,4,122_2,122_2_tile,2,4,121_2,121_2_tile,1,NULL
2,4,122_2,122_2_tile,2,4,123_2,123_2_tile,1,NULL
2,4,123_2,123_2_tile,2,4,122_2,122_2_tile,1,NULL
2,4,123_2,123_2_tile,2,4,141_2,141_2_tile,1,NULL
2,4,123_2,123_2_tile,2,4,142_2,142_2_tile,1,NULL
2,4,141_2,141_2_tile,2,4,123_2,123_2_tile,1,NULL
2,4,141_2,141_2_tile,2,4,142_2,142_2_tile,1,NULL
2,4,141_2,141_2_tile,2,4,141_1,141_1_tile,1,NULL
2,4,142_2,142_2_tile,2,4,141_2,141_2_tile,1,NULL
2,4,142_2,142_2_tile,2,4,123_2,123_2_tile,1,NULL
2,4,141_1,141_1_tile,2,4,141_2,141_2_tile,1,NULL
